dataset,algorithm,param_name,param_value,accuracy,precision,recall,f1,auc,additional_info,n_neighbors,weights,metric
diabetes,logistic_regression,C,0.001,0.8508552129861641,0.5467741935483871,0.1448924348197749,0.22907985133460976,0.8102178756172833,{},,,
diabetes,logistic_regression,C,0.01,0.8505501688637106,0.5404040404040404,0.15244336800113975,0.23780420046671852,0.8102148009003123,{},,,
diabetes,logistic_regression,C,0.1,0.8505719577296001,0.5402701350675337,0.15386807237498218,0.23952095808383234,0.8101892100199682,{},,,
diabetes,logistic_regression,C,1,0.8505501688637106,0.5399201596806387,0.15415301324975067,0.23983154161587056,0.8101858714417078,{},,,
diabetes,logistic_regression,C,10,0.8505501688637106,0.5399201596806387,0.15415301324975067,0.23983154161587056,0.8101851641468623,{},,,
diabetes,logistic_regression,C,100,0.8505501688637106,0.5399201596806387,0.15415301324975067,0.23983154161587056,0.810185186135303,{},,,
diabetes,logistic_regression,penalty,l1,0.8505501688637106,0.5399201596806387,0.15415301324975067,0.23983154161587056,0.8101859667249511,{'C': 1.0},,,
diabetes,logistic_regression,penalty,l2,0.8505501688637106,0.5399201596806387,0.15415301324975067,0.23983154161587056,0.8101858714417078,{'C': 1.0},,,
diabetes,knn,n_neighbors,1,0.7813705196644515,0.2896609460025115,0.295768628009688,0.2926829268292683,0.5824068986328922,{},,,
diabetes,knn,n_neighbors,3,0.8192395685804554,0.3639463030044747,0.24333950705228666,0.2916666666666667,0.6695031236119339,{},,,
diabetes,knn,n_neighbors,5,0.832203943784726,0.40621562156215624,0.21042883601652657,0.27724073205068045,0.7095144448737402,{},,,
diabetes,knn,n_neighbors,7,0.8379997821113411,0.43237971391417424,0.18948568172104288,0.26349678058444775,0.7307078697699705,{},,,
diabetes,knn,n_neighbors,9,0.8412681119947707,0.4511029411764706,0.1748112266704659,0.25197658897217373,0.7441766234846428,{},,,
diabetes,knn,n_neighbors,11,0.8429894324000435,0.46160164271047227,0.16013677161988887,0.2377829490162894,0.7530183770885959,{},,,
diabetes,knn,n_neighbors,15,0.8455605185750081,0.48364153627311524,0.14531984613192764,0.22348816827344434,0.7660057910076981,{},,,
diabetes,knn,n_neighbors,20,0.8489377927878854,0.5315712187958884,0.10314859666619176,0.17277174561508174,0.7761717636434354,{},,,
diabetes,knn,n_neighbors,25,0.8492210480444493,0.5313092979127134,0.11967516740276393,0.19534883720930232,0.7827025211257242,{},,,
diabetes,knn,n_neighbors,30,0.8500272360823619,0.5557377049180328,0.09659495654651659,0.16458308047093093,0.7858608766284144,{},,,
diabetes,knn,n_neighbors,50,0.8507244797908269,0.5807692307692308,0.08605214418008263,0.14989452785705423,0.7945660618589664,{},,,
diabetes,knn,weights,uniform,0.832203943784726,0.40621562156215624,0.21042883601652657,0.27724073205068045,0.7095144448737402,{'n_neighbors': 5},,,
diabetes,knn,weights,distance,0.8244253186621636,0.3726403530277029,0.21655506482404902,0.2739232294107046,0.7022106031310571,{'n_neighbors': 5},,,
diabetes,knn,distance_metric,euclidean,0.832203943784726,0.40621562156215624,0.21042883601652657,0.27724073205068045,0.7095144448737402,{'n_neighbors': 5},,,
diabetes,knn,distance_metric,manhattan,0.8319860551258307,0.4046831955922865,0.20928907251745263,0.27589445018311576,0.7082138469244791,{'n_neighbors': 5},,,
diabetes,decision_tree,max_depth,1,0.8470639503213858,0.0,0.0,0.0,0.6758797842687687,{},,,
diabetes,decision_tree,max_depth,2,0.8470639503213858,0.0,0.0,0.0,0.735354126257715,{},,,
diabetes,decision_tree,max_depth,3,0.8470639503213858,0.0,0.0,0.0,0.7598212378609698,{},,,
diabetes,decision_tree,max_depth,5,0.8521843338054255,0.6044444444444445,0.09687989742128508,0.16699410609037327,0.7942202972922217,{},,,
diabetes,decision_tree,max_depth,7,0.8522279115372045,0.6240837696335079,0.08491238068100869,0.14948582894406823,0.8039431295511583,{},,,
diabetes,decision_tree,max_depth,10,0.851138468242728,0.5509536784741145,0.14403761219546943,0.22837135757849558,0.7992280767292798,{},,,
diabetes,decision_tree,max_depth,15,0.8296546464756509,0.3979044211602351,0.221826471007266,0.2848518111964874,0.7148759505254806,{},,,
diabetes,decision_tree,max_depth,20,0.7988451901078549,0.31958258601010925,0.27924205727311585,0.2980535279805353,0.6281328580732194,{},,,
diabetes,decision_tree,max_depth,None,0.7737008388713368,0.2867637745408486,0.3225530702379256,0.30360734879978546,0.5887206283721748,{},,,
diabetes,decision_tree,min_samples_split,2,0.7737008388713368,0.2867637745408486,0.3225530702379256,0.30360734879978546,0.5887206283721748,{},,,
diabetes,decision_tree,min_samples_split,5,0.7943131060028326,0.30975954738330974,0.2808092320843425,0.2945748019727993,0.6113556740826983,{},,,
diabetes,decision_tree,min_samples_split,10,0.8091949014053819,0.3461946902654867,0.27867217552357887,0.30878522377456785,0.6514545441538959,{},,,
diabetes,decision_tree,min_samples_split,20,0.825384028761303,0.39154131240462176,0.2558769055421,0.3094950887471997,0.6965145525144875,{},,,
diabetes,decision_tree,min_samples_split,50,0.8385009260268003,0.44573322286661143,0.22994728593816782,0.30338345864661653,0.7460875600821318,{},,,
diabetes,decision_tree,min_samples_split,100,0.8470639503213858,0.5,0.20287790283516172,0.2886388973345495,0.7752918980174357,{},,,
diabetes,decision_tree,min_samples_leaf,1,0.7737008388713368,0.2867637745408486,0.3225530702379256,0.30360734879978546,0.5887206283721748,{},,,
diabetes,decision_tree,min_samples_leaf,2,0.8059265715219522,0.330093592512599,0.26129078216270124,0.29168986083499004,0.6183795516677125,{},,,
diabetes,decision_tree,min_samples_leaf,5,0.8207865780586121,0.3802145411203814,0.27268841715344067,0.31759727868580434,0.6773482584663817,{},,,
diabetes,decision_tree,min_samples_leaf,10,0.8351236518139231,0.42489035087719296,0.2208291779455763,0.2906159182525546,0.7238094637252368,{},,,
diabetes,decision_tree,min_samples_leaf,20,0.8420743000326834,0.46425226350296595,0.211853540390369,0.2909411074153786,0.7637384089583488,{},,,
diabetes,decision_tree,min_samples_leaf,50,0.8491992591785598,0.5216049382716049,0.1685425274255592,0.2547647248842468,0.790720725165291,{},,,
diabetes,decision_tree,criterion,gini,0.7737008388713368,0.2867637745408486,0.3225530702379256,0.30360734879978546,0.5887206283721748,{},,,
diabetes,decision_tree,criterion,entropy,0.7783854450375858,0.2930672268907563,0.3179940162416299,0.30502220703792277,0.5897325364175122,{},,,
diabetes,decision_tree,criterion,log_loss,0.7783854450375858,0.2930672268907563,0.3179940162416299,0.30502220703792277,0.5897325364175122,{},,,
diabetes,svm,C,0.01,0.8469999999999999,0.0,0.0,0.0,0.7101102700033183,"{'n_support_vectors': 1253, 'training_time': 0.3489990234375, 'kernel': 'linear'}",,,
diabetes,svm,C,0.1,0.8469999999999999,0.0,0.0,0.0,0.6792732520005247,"{'n_support_vectors': 1292, 'training_time': 0.364926815032959, 'kernel': 'linear'}",,,
diabetes,svm,C,1,0.8469999999999999,0.0,0.0,0.0,0.7196417961123842,"{'n_support_vectors': 1618, 'training_time': 0.6066383838653564, 'kernel': 'linear'}",,,
diabetes,svm,C,10,0.721,0.2614831580315473,0.39215686274509803,0.3098082409475375,0.6390906775933514,"{'n_support_vectors': 2026, 'training_time': 1.3103728294372559, 'kernel': 'linear'}",,,
diabetes,svm,C,100,0.591,0.17778119483322602,0.3830065359477125,0.23355075883283907,0.5183739611547098,"{'n_support_vectors': 1816, 'training_time': 1.3114070415496826, 'kernel': 'linear'}",,,
diabetes,svm,kernel,linear,0.8469999999999999,0.0,0.0,0.0,0.7196417961123842,"{'n_support_vectors': 1618, 'training_time': 0.5981328010559082, 'C': 1.0}",,,
diabetes,svm,kernel,rbf,0.852,0.6332763181901113,0.08758169934640522,0.1528455158163381,0.7345386639504288,"{'n_support_vectors': 1586, 'training_time': 1.2894726276397706, 'C': 1.0}",,,
heart,logistic_regression,C,0.001,0.7222222222222222,0.9090909090909091,0.4166666666666667,0.5714285714285714,0.9,{},,,
heart,logistic_regression,C,0.01,0.8518518518518519,0.8333333333333334,0.8333333333333334,0.8333333333333334,0.9083333333333333,{},,,
heart,logistic_regression,C,0.1,0.8518518518518519,0.7857142857142857,0.9166666666666666,0.8461538461538461,0.9083333333333333,{},,,
heart,logistic_regression,C,1,0.8518518518518519,0.7857142857142857,0.9166666666666666,0.8461538461538461,0.898611111111111,{},,,
heart,logistic_regression,C,10,0.8518518518518519,0.7857142857142857,0.9166666666666666,0.8461538461538461,0.8916666666666666,{},,,
heart,logistic_regression,C,100,0.8518518518518519,0.7857142857142857,0.9166666666666666,0.8461538461538461,0.8916666666666666,{},,,
heart,logistic_regression,penalty,l1,0.8518518518518519,0.7857142857142857,0.9166666666666666,0.8461538461538461,0.8986111111111111,{'C': 1.0},,,
heart,logistic_regression,penalty,l2,0.8518518518518519,0.7857142857142857,0.9166666666666666,0.8461538461538461,0.898611111111111,{'C': 1.0},,,
heart,logistic_regression,penalty,elasticnet,0.8518518518518519,0.7857142857142857,0.9166666666666666,0.8461538461538461,0.9,{'C': 1.0},,,
heart,knn,k,1,0.8148148148148148,0.7692307692307693,0.8333333333333334,0.8,,{},,,
heart,knn,k,2,0.8148148148148148,0.85,0.7083333333333334,0.7727272727272727,,{},,,
heart,knn,k,3,0.8148148148148148,0.75,0.875,0.8076923076923077,,{},,,
heart,knn,k,4,0.8333333333333334,0.8,0.8333333333333334,0.8163265306122449,,{},,,
heart,knn,k,5,0.7962962962962963,0.7241379310344828,0.875,0.7924528301886793,,{},,,
heart,knn,k,6,0.7777777777777778,0.75,0.75,0.75,,{},,,
heart,knn,k,7,0.7962962962962963,0.7241379310344828,0.875,0.7924528301886793,,{},,,
heart,knn,k,8,0.8148148148148148,0.7692307692307693,0.8333333333333334,0.8,,{},,,
heart,knn,k,9,0.8333333333333334,0.7777777777777778,0.875,0.8235294117647058,,{},,,
heart,knn,k,10,0.8333333333333334,0.8,0.8333333333333334,0.8163265306122449,,{},,,
heart,knn,k,11,0.8518518518518519,0.8076923076923077,0.875,0.84,,{},,,
heart,knn,k,12,0.8333333333333334,0.8260869565217391,0.7916666666666666,0.8085106382978723,,{},,,
heart,knn,k,13,0.8148148148148148,0.75,0.875,0.8076923076923077,,{},,,
heart,knn,k,14,0.8703703703703703,0.84,0.875,0.8571428571428571,,{},,,
heart,knn,k,15,0.8333333333333334,0.7777777777777778,0.875,0.8235294117647058,,{},,,
heart,knn,k,16,0.8333333333333334,0.8260869565217391,0.7916666666666666,0.8085106382978723,,{},,,
heart,knn,k,17,0.8518518518518519,0.8076923076923077,0.875,0.84,,{},,,
heart,knn,k,18,0.8518518518518519,0.8076923076923077,0.875,0.84,,{},,,
heart,knn,k,19,0.8333333333333334,0.7777777777777778,0.875,0.8235294117647058,,{},,,
heart,knn,k,20,0.8333333333333334,0.7777777777777778,0.875,0.8235294117647058,,{},,,
heart,knn,k,21,0.8333333333333334,0.7777777777777778,0.875,0.8235294117647058,,{},,,
heart,knn,k,22,0.8148148148148148,0.7692307692307693,0.8333333333333334,0.8,,{},,,
heart,knn,k,23,0.8148148148148148,0.7692307692307693,0.8333333333333334,0.8,,{},,,
heart,knn,k,24,0.8333333333333334,0.8,0.8333333333333334,0.8163265306122449,,{},,,
heart,knn,k,25,0.8333333333333334,0.8,0.8333333333333334,0.8163265306122449,,{},,,
heart,knn,weights,uniform,0.8703703703703703,0.84,0.875,0.8571428571428571,,{'k': 14},,,
heart,knn,weights,distance,0.8518518518518519,0.7857142857142857,0.9166666666666666,0.8461538461538461,,{'k': 14},,,
heart,knn,metric,euclidean,0.8703703703703703,0.84,0.875,0.8571428571428571,,{'k': 14},,,
heart,knn,metric,manhattan,0.8148148148148148,0.8181818181818182,0.75,0.782608695652174,,{'k': 14},,,
heart,knn,metric,minkowski,0.8703703703703703,0.84,0.875,0.8571428571428571,,{'k': 14},,,
heart,decision_tree,max_depth,1,0.7222222222222222,0.6363636363636364,0.875,0.7368421052631579,,{},,,
heart,decision_tree,max_depth,2,0.7592592592592593,0.8666666666666667,0.5416666666666666,0.6666666666666666,,{},,,
heart,decision_tree,max_depth,3,0.8333333333333334,0.7586206896551724,0.9166666666666666,0.8301886792452831,,{},,,
heart,decision_tree,max_depth,4,0.7962962962962963,0.7407407407407407,0.8333333333333334,0.7843137254901961,,{},,,
heart,decision_tree,max_depth,5,0.7962962962962963,0.7407407407407407,0.8333333333333334,0.7843137254901961,,{},,,
heart,decision_tree,max_depth,6,0.7777777777777778,0.7307692307692307,0.7916666666666666,0.76,,{},,,
heart,decision_tree,max_depth,7,0.7777777777777778,0.7142857142857143,0.8333333333333334,0.7692307692307693,,{},,,
heart,decision_tree,max_depth,8,0.7962962962962963,0.7407407407407407,0.8333333333333334,0.7843137254901961,,{},,,
heart,decision_tree,max_depth,9,0.7962962962962963,0.7407407407407407,0.8333333333333334,0.7843137254901961,,{},,,
heart,decision_tree,max_depth,10,0.7962962962962963,0.7407407407407407,0.8333333333333334,0.7843137254901961,,{},,,
heart,decision_tree,max_depth,11,0.7962962962962963,0.7407407407407407,0.8333333333333334,0.7843137254901961,,{},,,
heart,decision_tree,max_depth,12,0.7962962962962963,0.7407407407407407,0.8333333333333334,0.7843137254901961,,{},,,
heart,decision_tree,max_depth,13,0.7962962962962963,0.7407407407407407,0.8333333333333334,0.7843137254901961,,{},,,
heart,decision_tree,max_depth,14,0.7962962962962963,0.7407407407407407,0.8333333333333334,0.7843137254901961,,{},,,
heart,decision_tree,max_depth,15,0.7962962962962963,0.7407407407407407,0.8333333333333334,0.7843137254901961,,{},,,
heart,decision_tree,max_depth,16,0.7962962962962963,0.7407407407407407,0.8333333333333334,0.7843137254901961,,{},,,
heart,decision_tree,max_depth,17,0.7962962962962963,0.7407407407407407,0.8333333333333334,0.7843137254901961,,{},,,
heart,decision_tree,max_depth,18,0.7962962962962963,0.7407407407407407,0.8333333333333334,0.7843137254901961,,{},,,
heart,decision_tree,max_depth,19,0.7962962962962963,0.7407407407407407,0.8333333333333334,0.7843137254901961,,{},,,
heart,decision_tree,max_depth,20,0.7962962962962963,0.7407407407407407,0.8333333333333334,0.7843137254901961,,{},,,
heart,decision_tree,min_samples_split,2,0.7962962962962963,0.7407407407407407,0.8333333333333334,0.7843137254901961,,{},,,
heart,decision_tree,min_samples_split,3,0.7962962962962963,0.7407407407407407,0.8333333333333334,0.7843137254901961,,{},,,
heart,decision_tree,min_samples_split,4,0.7777777777777778,0.7307692307692307,0.7916666666666666,0.76,,{},,,
heart,decision_tree,min_samples_split,5,0.7962962962962963,0.7407407407407407,0.8333333333333334,0.7843137254901961,,{},,,
heart,decision_tree,min_samples_split,6,0.7962962962962963,0.7407407407407407,0.8333333333333334,0.7843137254901961,,{},,,
heart,decision_tree,min_samples_split,7,0.7962962962962963,0.7407407407407407,0.8333333333333334,0.7843137254901961,,{},,,
heart,decision_tree,min_samples_split,8,0.7962962962962963,0.7407407407407407,0.8333333333333334,0.7843137254901961,,{},,,
heart,decision_tree,min_samples_split,9,0.7777777777777778,0.7307692307692307,0.7916666666666666,0.76,,{},,,
heart,decision_tree,min_samples_split,10,0.7777777777777778,0.7307692307692307,0.7916666666666666,0.76,,{},,,
heart,decision_tree,min_samples_split,11,0.7777777777777778,0.7307692307692307,0.7916666666666666,0.76,,{},,,
heart,decision_tree,min_samples_split,12,0.7777777777777778,0.7307692307692307,0.7916666666666666,0.76,,{},,,
heart,decision_tree,min_samples_split,13,0.7777777777777778,0.7307692307692307,0.7916666666666666,0.76,,{},,,
heart,decision_tree,min_samples_split,14,0.7962962962962963,0.7241379310344828,0.875,0.7924528301886793,,{},,,
heart,decision_tree,min_samples_split,15,0.7962962962962963,0.7241379310344828,0.875,0.7924528301886793,,{},,,
heart,decision_tree,min_samples_split,16,0.7962962962962963,0.7241379310344828,0.875,0.7924528301886793,,{},,,
heart,decision_tree,min_samples_split,17,0.7962962962962963,0.7241379310344828,0.875,0.7924528301886793,,{},,,
heart,decision_tree,min_samples_split,18,0.7962962962962963,0.7241379310344828,0.875,0.7924528301886793,,{},,,
heart,decision_tree,min_samples_split,19,0.7962962962962963,0.7241379310344828,0.875,0.7924528301886793,,{},,,
heart,decision_tree,min_samples_split,20,0.7962962962962963,0.7241379310344828,0.875,0.7924528301886793,,{},,,
heart,decision_tree,min_samples_leaf,1,0.7962962962962963,0.7407407407407407,0.8333333333333334,0.7843137254901961,,{},,,
heart,decision_tree,min_samples_leaf,2,0.8518518518518519,0.8076923076923077,0.875,0.84,,{},,,
heart,decision_tree,min_samples_leaf,3,0.8333333333333334,0.7777777777777778,0.875,0.8235294117647058,,{},,,
heart,decision_tree,min_samples_leaf,4,0.8333333333333334,0.7586206896551724,0.9166666666666666,0.8301886792452831,,{},,,
heart,decision_tree,min_samples_leaf,5,0.7962962962962963,0.7407407407407407,0.8333333333333334,0.7843137254901961,,{},,,
heart,decision_tree,min_samples_leaf,6,0.7777777777777778,0.7,0.875,0.7777777777777778,,{},,,
heart,decision_tree,min_samples_leaf,7,0.8518518518518519,0.8076923076923077,0.875,0.84,,{},,,
heart,decision_tree,min_samples_leaf,8,0.8518518518518519,0.8076923076923077,0.875,0.84,,{},,,
heart,decision_tree,min_samples_leaf,9,0.8333333333333334,0.8260869565217391,0.7916666666666666,0.8085106382978723,,{},,,
heart,decision_tree,min_samples_leaf,10,0.8148148148148148,0.8181818181818182,0.75,0.782608695652174,,{},,,
heart,decision_tree,min_samples_leaf,11,0.8518518518518519,0.7857142857142857,0.9166666666666666,0.8461538461538461,,{},,,
heart,decision_tree,min_samples_leaf,12,0.8518518518518519,0.7857142857142857,0.9166666666666666,0.8461538461538461,,{},,,
heart,decision_tree,min_samples_leaf,13,0.8518518518518519,0.7857142857142857,0.9166666666666666,0.8461538461538461,,{},,,
heart,decision_tree,min_samples_leaf,14,0.8333333333333334,0.7777777777777778,0.875,0.8235294117647058,,{},,,
heart,decision_tree,min_samples_leaf,15,0.8333333333333334,0.7777777777777778,0.875,0.8235294117647058,,{},,,
heart,decision_tree,min_samples_leaf,16,0.8518518518518519,0.8076923076923077,0.875,0.84,,{},,,
heart,decision_tree,min_samples_leaf,17,0.8518518518518519,0.8076923076923077,0.875,0.84,,{},,,
heart,decision_tree,min_samples_leaf,18,0.8518518518518519,0.8333333333333334,0.8333333333333334,0.8333333333333334,,{},,,
heart,decision_tree,min_samples_leaf,19,0.8518518518518519,0.8333333333333334,0.8333333333333334,0.8333333333333334,,{},,,
heart,decision_tree,min_samples_leaf,20,0.8518518518518519,0.8333333333333334,0.8333333333333334,0.8333333333333334,,{},,,
heart,decision_tree,criterion,gini,0.7962962962962963,0.7407407407407407,0.8333333333333334,0.7843137254901961,,{},,,
heart,decision_tree,criterion,entropy,0.8148148148148148,0.7692307692307693,0.8333333333333334,0.8,,{},,,
heart,svm,C,0.001,0.5555555555555556,0.0,0.0,0.0,,{},,,
heart,svm,C,0.01,0.5555555555555556,0.0,0.0,0.0,,{},,,
heart,svm,C,0.1,0.8333333333333334,0.8260869565217391,0.7916666666666666,0.8085106382978723,,{},,,
heart,svm,C,1,0.8148148148148148,0.7692307692307693,0.8333333333333334,0.8,,{},,,
heart,svm,C,10,0.7962962962962963,0.7407407407407407,0.8333333333333334,0.7843137254901961,,{},,,
heart,svm,C,100,0.7222222222222222,0.6551724137931034,0.7916666666666666,0.7169811320754716,,{},,,
heart,svm,C,1000,0.7222222222222222,0.6551724137931034,0.7916666666666666,0.7169811320754716,,{},,,
heart,svm,kernel,linear,0.8518518518518519,0.8076923076923077,0.875,0.84,,{},,,
heart,svm,kernel,rbf,0.8148148148148148,0.7692307692307693,0.8333333333333334,0.8,,{},,,
heart,svm,kernel,poly,0.8518518518518519,0.8076923076923077,0.875,0.84,,{},,,
heart,svm,kernel,sigmoid,0.8333333333333334,0.7777777777777778,0.875,0.8235294117647058,,{},,,
obesity,logistic_regression,C,0.001,0.569377990430622,0.5833142135162398,0.569377990430622,0.5209285711127429,0.8782785451958082,{},,,
obesity,logistic_regression,C,0.01,0.6602870813397129,0.6295355177881885,0.6602870813397129,0.6268779890654403,0.9125161098526279,{},,,
obesity,logistic_regression,C,0.1,0.7679425837320574,0.7592962223208726,0.7679425837320574,0.7578170933785088,0.9539398239336688,{},,,
obesity,logistic_regression,C,1,0.8899521531100478,0.8912440639340788,0.8899521531100478,0.8874129311242543,0.9855055135375712,{},,,
obesity,logistic_regression,C,10,0.9425837320574163,0.9437302181008389,0.9425837320574163,0.9424072380579762,0.9950225374018726,{},,,
obesity,logistic_regression,C,100,0.9617224880382775,0.9628170918600141,0.9617224880382775,0.9618157216837631,0.9958662305790522,{},,,
obesity,logistic_regression,penalty,l1,0.9521531100478469,0.9533407119656675,0.9521531100478469,0.9521627592994439,0.996437433011574,{'C': 1.0},,,
obesity,logistic_regression,penalty,l2,0.8923444976076556,0.8938835545328545,0.8923444976076556,0.8900878045281999,0.985385913603571,{'C': 1.0},,,
obesity,knn,n_neighbors,1,0.8277511961722488,0.8246333672187541,0.8277511961722488,0.820186352300138,0.8999235520449818,{},,,
obesity,knn,n_neighbors,3,0.8014354066985646,0.7941130082843929,0.8014354066985646,0.7894793250640653,0.9340151313662318,{},,,
obesity,knn,n_neighbors,5,0.8086124401913876,0.79915026388297,0.8086124401913876,0.7939925756150078,0.9451911471339599,{},,,
obesity,knn,n_neighbors,7,0.7894736842105263,0.7775442188342718,0.7894736842105263,0.7749471663079508,0.9468221031541774,{},,,
obesity,knn,n_neighbors,9,0.7990430622009569,0.78844716920004,0.7990430622009569,0.7844749794559177,0.9481652751483229,{},,,
obesity,knn,n_neighbors,11,0.777511961722488,0.7636592540131625,0.777511961722488,0.7592493663863507,0.9450985077625852,{},,,
obesity,knn,n_neighbors,15,0.7607655502392344,0.7498828471388191,0.7607655502392344,0.7396486122964797,0.9504080150366231,{},,,
obesity,knn,n_neighbors,20,0.7488038277511961,0.7382069684885297,0.7488038277511961,0.7302421726384555,0.9472356161162973,{},,,
obesity,knn,n_neighbors,25,0.7392344497607656,0.7308089610804462,0.7392344497607656,0.7188062019717016,0.9444346721377701,{},,,
obesity,knn,n_neighbors,30,0.7296650717703349,0.7229152476525843,0.7296650717703349,0.7076547049264663,0.9417235804669147,{},,,
obesity,knn,n_neighbors,50,0.6866028708133971,0.677154163976728,0.6866028708133971,0.6620673753740443,0.9337621462836119,{},,,
obesity,knn,weights,uniform,0.8086124401913876,0.79915026388297,0.8086124401913876,0.7939925756150078,0.9451911471339599,{'n_neighbors': 5},,,
obesity,knn,weights,distance,0.8157894736842105,0.8115691030350398,0.8157894736842105,0.804285322591959,0.9484628942167748,{'n_neighbors': 5},,,
obesity,knn,distance_metric,euclidean,0.8086124401913876,0.79915026388297,0.8086124401913876,0.7939925756150078,0.9451911471339599,{'n_neighbors': 5},,,
obesity,knn,distance_metric,manhattan,0.8397129186602871,0.8341698404526806,0.8397129186602871,0.8331825358626064,0.9641036104178794,{'n_neighbors': 5},,,
obesity,decision_tree,max_depth,1,0.2894736842105263,0.09779792496404736,0.2894736842105263,0.1429001001190847,0.7270232042178454,{},,,
obesity,decision_tree,max_depth,2,0.5550239234449761,0.3860073135717902,0.5550239234449761,0.43845990122292744,0.8480581498858762,{},,,
obesity,decision_tree,max_depth,3,0.65311004784689,0.6053092210637809,0.65311004784689,0.610179764254075,0.9213197543429994,{},,,
obesity,decision_tree,max_depth,5,0.8325358851674641,0.8422439471551637,0.8325358851674641,0.830615027830738,0.970033148782407,{},,,
obesity,decision_tree,max_depth,7,0.9043062200956937,0.9128295858149665,0.9043062200956937,0.9061386530996217,0.976705011103713,{},,,
obesity,decision_tree,max_depth,10,0.9210526315789473,0.9224077221906601,0.9210526315789473,0.9213055601773492,0.9600510006246492,{},,,
obesity,decision_tree,max_depth,15,0.9186602870813397,0.9198801221944659,0.9186602870813397,0.9187587686218718,0.9550545738709408,{},,,
obesity,decision_tree,max_depth,20,0.9258373205741627,0.9266183186208888,0.9258373205741627,0.9259010264568622,0.9569059194441523,{},,,
obesity,decision_tree,max_depth,None,0.9258373205741627,0.9266183186208888,0.9258373205741627,0.9259010264568622,0.9569059194441523,{},,,
obesity,decision_tree,min_samples_split,2,0.9258373205741627,0.9266183186208888,0.9258373205741627,0.9259010264568622,0.9569059194441523,{},,,
obesity,decision_tree,min_samples_split,5,0.9330143540669856,0.9329365693868954,0.9330143540669856,0.9324701090097204,0.9728830417799292,{},,,
obesity,decision_tree,min_samples_split,10,0.9282296650717703,0.9283085014311524,0.9282296650717703,0.9278830986437673,0.97101201894787,{},,,
obesity,decision_tree,min_samples_split,20,0.930622009569378,0.9309529893412367,0.930622009569378,0.9305665277174953,0.9770128192788379,{},,,
obesity,decision_tree,min_samples_split,50,0.9186602870813397,0.9189890172271975,0.9186602870813397,0.9187886516175854,0.9775785022953362,{},,,
obesity,decision_tree,min_samples_split,100,0.8277511961722488,0.8315257281689945,0.8277511961722488,0.8228593438873331,0.9759616865742348,{},,,
obesity,decision_tree,min_samples_leaf,1,0.9258373205741627,0.9266183186208888,0.9258373205741627,0.9259010264568622,0.9569059194441523,{},,,
obesity,decision_tree,min_samples_leaf,2,0.9425837320574163,0.9437929986337874,0.9425837320574163,0.9418714268074767,0.9783959211759676,{},,,
obesity,decision_tree,min_samples_leaf,5,0.930622009569378,0.9333840397780606,0.930622009569378,0.930612957406537,0.9855584438337635,{},,,
obesity,decision_tree,min_samples_leaf,10,0.9210526315789473,0.9210946938930807,0.9210526315789473,0.9208903337119708,0.98912984251458,{},,,
obesity,decision_tree,min_samples_leaf,20,0.9138755980861244,0.9137617051553079,0.9138755980861244,0.9130907454180759,0.9892157982114104,{},,,
obesity,decision_tree,min_samples_leaf,50,0.8229665071770335,0.8324889332692241,0.8229665071770335,0.8164519209581664,0.9762497249011249,{},,,
obesity,decision_tree,criterion,gini,0.9258373205741627,0.9266183186208888,0.9258373205741627,0.9259010264568622,0.9569059194441523,{},,,
obesity,decision_tree,criterion,entropy,0.9712918660287081,0.9717057184656974,0.9712918660287081,0.9712257869174419,0.9832049164501064,{},,,
obesity,decision_tree,criterion,log_loss,0.9712918660287081,0.9717057184656974,0.9712918660287081,0.9712257869174419,0.9832049164501064,{},,,
obesity,svm,C,0.01,0.6699999999999999,0.6712730968465869,0.6699999999999999,0.6505569654501036,0.9456452613273048,"{'n_support_vectors': 1049, 'training_time': 0.11006402969360352, 'kernel': 'linear'}",,,
obesity,svm,C,0.1,0.8713333333333333,0.8735807997607171,0.8713333333333333,0.8689512814364704,0.9868429234450844,"{'n_support_vectors': 812, 'training_time': 0.08866715431213379, 'kernel': 'linear'}",,,
obesity,svm,C,1,0.95,0.9524114611371137,0.95,0.9497946814531015,0.9971933954523214,"{'n_support_vectors': 477, 'training_time': 0.10253739356994629, 'kernel': 'linear'}",,,
obesity,svm,C,10,0.9653333333333333,0.9666144300770425,0.9653333333333333,0.965208444067471,0.9985941979870917,"{'n_support_vectors': 288, 'training_time': 0.12800917625427247, 'kernel': 'linear'}",,,
obesity,svm,C,100,0.9626666666666667,0.9637173806842927,0.9626666666666667,0.9626267149303966,0.9983877068477105,"{'n_support_vectors': 245, 'training_time': 0.15264077186584474, 'kernel': 'linear'}",,,
obesity,svm,kernel,linear,0.95,0.9524114611371137,0.95,0.9497946814531015,0.9971933954523214,"{'n_support_vectors': 477, 'training_time': 0.10156316757202148, 'C': 1.0}",,,
obesity,svm,kernel,rbf,0.8619999999999999,0.8673651196118224,0.8619999999999999,0.8627607616654576,0.9843514778661033,"{'n_support_vectors': 819, 'training_time': 0.15888404846191406, 'C': 1.0}",,,
smartphone,knn,n_neighbors,"{'accuracy': 0.8547675602307431, 'precision': 0.8605966936515107, 'recall': 0.8547675602307431, 'f1': 0.8542229251426592, 'auc': 0.9125588484856313}",,,,,,{},1.0,,
smartphone,knn,n_neighbors,"{'accuracy': 0.8741092636579573, 'precision': 0.8813442994280952, 'recall': 0.8741092636579573, 'f1': 0.8731362356234103, 'auc': 0.9646204975877005}",,,,,,{},3.0,,
smartphone,knn,n_neighbors,"{'accuracy': 0.8842891075670173, 'precision': 0.8920239966777403, 'recall': 0.8842891075670173, 'f1': 0.8833645686149975, 'auc': 0.976234036340699}",,,,,,{},5.0,,
smartphone,knn,n_neighbors,"{'accuracy': 0.8897183576518494, 'precision': 0.8978260569323628, 'recall': 0.8897183576518494, 'f1': 0.8887225302822348, 'auc': 0.9827021782633512}",,,,,,{},7.0,,
smartphone,knn,n_neighbors,"{'accuracy': 0.8941296233457754, 'precision': 0.901840443605108, 'recall': 0.8941296233457754, 'f1': 0.8932486866016656, 'auc': 0.9861916097731502}",,,,,,{},9.0,,
smartphone,knn,n_neighbors,"{'accuracy': 0.8880217170003394, 'precision': 0.8975733091117749, 'recall': 0.8880217170003394, 'f1': 0.8869520236438241, 'auc': 0.9879637972994264}",,,,,,{},11.0,,
smartphone,knn,n_neighbors,"{'accuracy': 0.8907363420427553, 'precision': 0.8999187769288569, 'recall': 0.8907363420427553, 'f1': 0.8896668183656059, 'auc': 0.9901063567385604}",,,,,,{},15.0,,
smartphone,knn,n_neighbors,"{'accuracy': 0.8917543264336614, 'precision': 0.9014412714955194, 'recall': 0.8917543264336614, 'f1': 0.8903625131432717, 'auc': 0.991143216612943}",,,,,,{},20.0,,
smartphone,knn,n_neighbors,"{'accuracy': 0.8863250763488293, 'precision': 0.8979059869864203, 'recall': 0.8863250763488293, 'f1': 0.8848770265073915, 'auc': 0.9924760504754986}",,,,,,{},25.0,,
smartphone,knn,n_neighbors,"{'accuracy': 0.8863250763488293, 'precision': 0.8976904496595083, 'recall': 0.8863250763488293, 'f1': 0.8848418910723255, 'auc': 0.9930215655667928}",,,,,,{},30.0,,
smartphone,knn,n_neighbors,"{'accuracy': 0.8764845605700713, 'precision': 0.8913834776241637, 'recall': 0.8764845605700713, 'f1': 0.8745165653410315, 'auc': 0.9933575677954293}",,,,,,{},50.0,,
smartphone,knn,weights,"{'accuracy': 0.8842891075670173, 'precision': 0.8920239966777403, 'recall': 0.8842891075670173, 'f1': 0.8833645686149975, 'auc': 0.976234036340699}",,,,,,{},,uniform,
smartphone,knn,weights,"{'accuracy': 0.8856464200882254, 'precision': 0.8930246741631696, 'recall': 0.8856464200882254, 'f1': 0.8847229186136363, 'auc': 0.9766009595635781}",,,,,,{},,distance,
smartphone,knn,metric,"{'accuracy': 0.8842891075670173, 'precision': 0.8920239966777403, 'recall': 0.8842891075670173, 'f1': 0.8833645686149975, 'auc': 0.976234036340699}",,,,,,{},,,euclidean
smartphone,knn,metric,"{'accuracy': 0.9019341703427214, 'precision': 0.9090844013959914, 'recall': 0.9019341703427214, 'f1': 0.9006746039771996, 'auc': 0.9819613877096361}",,,,,,{},,,manhattan
smartphone,knn,metric,"{'accuracy': 0.8842891075670173, 'precision': 0.8920239966777403, 'recall': 0.8842891075670173, 'f1': 0.8833645686149975, 'auc': 0.976234036340699}",,,,,,{},,,minkowski
har_smartphone,logistic_regression,C,0.001,0.9341703427214116,0.9363545560895188,0.9341703427214116,0.9340460366423501,,{},,,
har_smartphone,logistic_regression,C,0.01,0.9450288428910757,0.9468194584933649,0.9450288428910757,0.9451409959738256,,{},,,
har_smartphone,logistic_regression,C,0.1,0.9501187648456056,0.9525930183388966,0.9501187648456056,0.9502181190402875,,{},,,
har_smartphone,logistic_regression,C,1,0.9535120461486257,0.9560980418019894,0.9535120461486257,0.9535074333675047,,{},,,
har_smartphone,logistic_regression,C,10,0.9497794367153037,0.9513672905969366,0.9497794367153037,0.9495182323920803,,{},,,
har_smartphone,logistic_regression,C,100,0.9460468272819816,0.9476330760043227,0.9460468272819816,0.9457364640325951,,{},,,
har_smartphone,logistic_regression,C,1000,0.9484221241940957,0.9501756589151686,0.9484221241940957,0.9481500180673049,,{},,,
har_smartphone,logistic_regression,penalty,l1,0.9467254835425857,0.9493777754746038,0.9467254835425857,0.9468447010522443,,{'solver': 'saga'},,,
har_smartphone,logistic_regression,penalty,l2,0.9535120461486257,0.9560980418019894,0.9535120461486257,0.9535074333675047,,{'solver': 'lbfgs'},,,
smartphone_har,knn,n_neighbors,1,0.8547675602307431,0.8605966936515107,0.8547675602307431,0.8542229251426592,0.9125588484856313,{},,,
smartphone_har,knn,n_neighbors,3,0.8741092636579573,0.8813442994280952,0.8741092636579573,0.8731362356234103,0.9646204975877005,{},,,
smartphone_har,knn,n_neighbors,5,0.8842891075670173,0.8920239966777403,0.8842891075670173,0.8833645686149975,0.976234036340699,{},,,
smartphone_har,knn,n_neighbors,7,0.8897183576518494,0.8978260569323628,0.8897183576518494,0.8887225302822348,0.9827021782633512,{},,,
smartphone_har,knn,n_neighbors,9,0.8941296233457754,0.901840443605108,0.8941296233457754,0.8932486866016656,0.9861916097731502,{},,,
smartphone_har,knn,n_neighbors,11,0.8880217170003394,0.8975733091117749,0.8880217170003394,0.8869520236438241,0.9879637972994264,{},,,
smartphone_har,knn,n_neighbors,15,0.8907363420427553,0.8999187769288569,0.8907363420427553,0.8896668183656059,0.9901063567385604,{},,,
smartphone_har,knn,n_neighbors,20,0.8917543264336614,0.9014412714955194,0.8917543264336614,0.8903625131432717,0.991143216612943,{},,,
smartphone_har,knn,n_neighbors,25,0.8863250763488293,0.8979059869864203,0.8863250763488293,0.8848770265073915,0.9924760504754986,{},,,
smartphone_har,knn,n_neighbors,30,0.8863250763488293,0.8976904496595083,0.8863250763488293,0.8848418910723255,0.9930215655667928,{},,,
smartphone_har,knn,weights,uniform,0.8842891075670173,0.8920239966777403,0.8842891075670173,0.8833645686149975,0.976234036340699,{'n_neighbors': 5},,,
smartphone_har,knn,weights,distance,0.8856464200882254,0.8930246741631696,0.8856464200882254,0.8847229186136363,0.9766009595635781,{'n_neighbors': 5},,,
smartphone_har,knn,distance_metric,euclidean,0.8842891075670173,0.8920239966777403,0.8842891075670173,0.8833645686149975,0.976234036340699,{'n_neighbors': 5},,,
smartphone_har,knn,distance_metric,manhattan,0.9019341703427214,0.9090844013959914,0.9019341703427214,0.9006746039771996,0.9819613877096361,{'n_neighbors': 5},,,
har_smartphone,decision_tree,max_depth,1,0.3627417712928402,0.22206900047449615,0.3627417712928402,0.24750676868501928,,{},,,
har_smartphone,decision_tree,max_depth,2,0.5310485239226331,0.33628556107901597,0.5310485239226331,0.3944079347836427,,{},,,
har_smartphone,decision_tree,max_depth,3,0.7224295894129623,0.6710395389950372,0.7224295894129623,0.676871658855687,,{},,,
har_smartphone,decision_tree,max_depth,4,0.8096369189005769,0.825296009170611,0.8096369189005769,0.809630113502752,,{},,,
har_smartphone,decision_tree,max_depth,5,0.838479809976247,0.8467699492765868,0.838479809976247,0.8366211136093604,,{},,,
har_smartphone,decision_tree,max_depth,6,0.8561248727519511,0.8621097925789808,0.8561248727519511,0.8546233238407448,,{},,,
har_smartphone,decision_tree,max_depth,7,0.8629114353579912,0.863820995328009,0.8629114353579912,0.8622249576909994,,{},,,
har_smartphone,decision_tree,max_depth,8,0.8734306073973532,0.8767725748764973,0.8734306073973532,0.8722004991709819,,{},,,
har_smartphone,decision_tree,max_depth,9,0.8713946386155412,0.8722203898214271,0.8713946386155412,0.8704502542481836,,{},,,
har_smartphone,decision_tree,max_depth,10,0.8605361384458772,0.8607329350004224,0.8605361384458772,0.8598968264720658,,{},,,
har_smartphone,decision_tree,max_depth,11,0.8642687478791992,0.8653688943422815,0.8642687478791992,0.8637261354837074,,{},,,
har_smartphone,decision_tree,max_depth,12,0.8601968103155752,0.8608184942804069,0.8601968103155752,0.8594420295096769,,{},,,
har_smartphone,decision_tree,max_depth,13,0.8568035290125552,0.8577666475898394,0.8568035290125552,0.8562484165740372,,{},,,
har_smartphone,decision_tree,max_depth,14,0.8564642008822532,0.8572753643750293,0.8564642008822532,0.8557963951938314,,{},,,
har_smartphone,decision_tree,max_depth,15,0.8523922633186292,0.8530353996766813,0.8523922633186292,0.8516900863308026,,{},,,
har_smartphone,decision_tree,max_depth,16,0.8561248727519511,0.8567480975795394,0.8561248727519511,0.8556405600304612,,{},,,
har_smartphone,decision_tree,max_depth,17,0.8612147947064812,0.8624551723063506,0.8612147947064812,0.860383331838251,,{},,,
har_smartphone,decision_tree,max_depth,18,0.8540889039701391,0.8547367772958772,0.8540889039701391,0.8535637985039431,,{},,,
har_smartphone,decision_tree,max_depth,19,0.8540889039701391,0.8547367772958772,0.8540889039701391,0.8535637985039431,,{},,,
har_smartphone,decision_tree,max_depth,20,0.8540889039701391,0.8547367772958772,0.8540889039701391,0.8535637985039431,,{},,,
har_smartphone,decision_tree,min_samples_split,2,0.8540889039701391,0.8547367772958772,0.8540889039701391,0.8535637985039431,,{},,,
har_smartphone,decision_tree,min_samples_split,3,0.8506956226671191,0.8512276371906405,0.8506956226671191,0.849961321907374,,{},,,
har_smartphone,decision_tree,min_samples_split,4,0.8510349507974211,0.8517554913770409,0.8510349507974211,0.8505165126029364,,{},,,
har_smartphone,decision_tree,min_samples_split,5,0.8585001696640652,0.8592013065866383,0.8585001696640652,0.8574441932586903,,{},,,
har_smartphone,decision_tree,min_samples_split,6,0.8632507634882932,0.8632808881856516,0.8632507634882932,0.86285945881947,,{},,,
har_smartphone,decision_tree,min_samples_split,7,0.8574821852731591,0.8574035808981059,0.8574821852731591,0.8568532783250863,,{},,,
har_smartphone,decision_tree,min_samples_split,8,0.8557855446216491,0.8558533170574294,0.8557855446216491,0.855116050950467,,{},,,
har_smartphone,decision_tree,min_samples_split,9,0.8625721072276892,0.8628589849756073,0.8625721072276892,0.8620112100415841,,{},,,
har_smartphone,decision_tree,min_samples_split,10,0.8625721072276892,0.8628589849756073,0.8625721072276892,0.8620112100415841,,{},,,
har_smartphone,decision_tree,min_samples_split,11,0.8652867322701052,0.8652140504686684,0.8652867322701052,0.8649083875441222,,{},,,
har_smartphone,decision_tree,min_samples_split,12,0.8585001696640652,0.8583709251488709,0.8585001696640652,0.8578450987152677,,{},,,
har_smartphone,decision_tree,min_samples_split,13,0.8595181540549711,0.8595591922824951,0.8595181540549711,0.8588903323229709,,{},,,
har_smartphone,decision_tree,min_samples_split,14,0.8595181540549711,0.8595591922824951,0.8595181540549711,0.8588903323229709,,{},,,
har_smartphone,decision_tree,min_samples_split,15,0.8615541228367831,0.8619865765818546,0.8615541228367831,0.86108240026466,,{},,,
har_smartphone,decision_tree,min_samples_split,16,0.8612147947064812,0.8618287379609948,0.8612147947064812,0.8607000094130026,,{},,,
har_smartphone,decision_tree,min_samples_split,17,0.8639294197488971,0.8645028096416366,0.8639294197488971,0.8634933635010351,,{},,,
har_smartphone,decision_tree,min_samples_split,18,0.8639294197488971,0.8645028096416366,0.8639294197488971,0.8634933635010351,,{},,,
har_smartphone,decision_tree,min_samples_split,19,0.8601968103155752,0.8611492861067723,0.8601968103155752,0.8598101375584435,,{},,,
har_smartphone,decision_tree,min_samples_split,20,0.8601968103155752,0.8611492861067723,0.8601968103155752,0.8598101375584435,,{},,,
har_smartphone,decision_tree,min_samples_leaf,1,0.8540889039701391,0.8547367772958772,0.8540889039701391,0.8535637985039431,,{},,,
har_smartphone,decision_tree,min_samples_leaf,2,0.8513742789277231,0.852008360455239,0.8513742789277231,0.8506882370791926,,{},,,
har_smartphone,decision_tree,min_samples_leaf,3,0.8659653885307091,0.8664293211918745,0.8659653885307091,0.8656519386189514,,{},,,
har_smartphone,decision_tree,min_samples_leaf,4,0.8710553104852392,0.8713657716385294,0.8710553104852392,0.8707936898747992,,{},,,
har_smartphone,decision_tree,min_samples_leaf,5,0.8666440447913132,0.8667292918305693,0.8666440447913132,0.86638418731448,,{},,,
har_smartphone,decision_tree,min_samples_leaf,6,0.8741092636579573,0.8747651194114621,0.8741092636579573,0.8735343781720417,,{},,,
har_smartphone,decision_tree,min_samples_leaf,7,0.8622327790973872,0.8625559228372763,0.8622327790973872,0.8619705398816253,,{},,,
har_smartphone,decision_tree,min_samples_leaf,8,0.8673227010519172,0.8680835593906098,0.8673227010519172,0.8664329646929496,,{},,,
har_smartphone,decision_tree,min_samples_leaf,9,0.8649474041398032,0.8662757489537453,0.8649474041398032,0.8641580601530644,,{},,,
har_smartphone,decision_tree,min_samples_leaf,10,0.8710553104852392,0.8724814745153509,0.8710553104852392,0.8702506432194921,,{},,,
har_smartphone,decision_tree,min_samples_leaf,11,0.8663047166610112,0.8689245914457863,0.8663047166610112,0.8652826528719186,,{},,,
har_smartphone,decision_tree,min_samples_leaf,12,0.8693586698337292,0.8717248679561582,0.8693586698337292,0.8681774988516466,,{},,,
har_smartphone,decision_tree,min_samples_leaf,13,0.8669833729216152,0.8701164843728756,0.8669833729216152,0.8657943213989036,,{},,,
har_smartphone,decision_tree,min_samples_leaf,14,0.8666440447913132,0.8689282410591013,0.8666440447913132,0.8656493880807129,,{},,,
har_smartphone,decision_tree,min_samples_leaf,15,0.8666440447913132,0.8683168545395951,0.8666440447913132,0.8657108270415457,,{},,,
har_smartphone,decision_tree,min_samples_leaf,16,0.8652867322701052,0.8656454060361488,0.8652867322701052,0.8643121575787589,,{},,,
har_smartphone,decision_tree,min_samples_leaf,17,0.8629114353579912,0.8639937388562212,0.8629114353579912,0.8617955783346777,,{},,,
har_smartphone,decision_tree,min_samples_leaf,18,0.8622327790973872,0.863347006856891,0.8622327790973872,0.8610916027052191,,{},,,
har_smartphone,decision_tree,min_samples_leaf,19,0.8608754665761792,0.8623682663713101,0.8608754665761792,0.8597619979198046,,{},,,
har_smartphone,decision_tree,min_samples_leaf,20,0.8571428571428571,0.8589804465927782,0.8571428571428571,0.8558897320208009,,{},,,
har_smartphone,decision_tree,criterion,gini,0.8540889039701391,0.8547367772958772,0.8540889039701391,0.8535637985039431,,{},,,
har_smartphone,decision_tree,criterion,entropy,0.8523922633186292,0.8539078612766753,0.8523922633186292,0.8512100052290332,,{},,,
smartphone_har,svm,C,0.01,0.7356633864947404,0.817925764860029,0.7356633864947404,0.6810322351339916,0.9831384572551694,"{'n_support_vectors': 7074, 'training_time_seconds': 33.03068685531616}",,,
smartphone_har,svm,C,0.1,0.9267051238547676,0.9278191133716954,0.9267051238547676,0.9260819357725578,0.9961941730400788,"{'n_support_vectors': 4356, 'training_time_seconds': 13.01412320137024}",,,
smartphone_har,svm,C,1.0,0.9524940617577197,0.9529277413856311,0.9524940617577197,0.952374062814601,0.9976470273878878,"{'n_support_vectors': 2337, 'training_time_seconds': 6.6758599281311035}",,,
smartphone_har,svm,C,10.0,0.9538513742789277,0.9549528057825137,0.9538513742789277,0.9536372112887391,0.9976219404991592,"{'n_support_vectors': 1930, 'training_time_seconds': 5.884225845336914}",,,
smartphone_har,svm,C,100.0,0.9548693586698337,0.9562380284541823,0.9548693586698337,0.9546419099077864,0.9977111879262057,"{'n_support_vectors': 1908, 'training_time_seconds': 5.9092981815338135}",,,
smartphone_har,svm,kernel,linear,0.9565659993213438,0.9578899889644352,0.9565659993213438,0.9563551850566404,0.9975690409583695,"{'n_support_vectors': 800, 'training_time_seconds': 2.6262457370758057}",,,
smartphone_har,svm,kernel,rbf,0.9524940617577197,0.9529277413856311,0.9524940617577197,0.952374062814601,0.9976470273878878,"{'n_support_vectors': 2337, 'training_time_seconds': 6.9389729499816895}",,,
smartphone_har,svm,kernel,poly,0.9250084832032576,0.928950798505112,0.9250084832032576,0.9241649471554533,0.9934952958841295,"{'n_support_vectors': 2641, 'training_time_seconds': 7.33544921875}",,,
sms_spam,logistic_regression,C,0.001,0.875968992248062,0.0,0.0,0.0,0.9391333655973452,{},,,
sms_spam,logistic_regression,C,0.01,0.875968992248062,0.0,0.0,0.0,0.9702105226769911,{},,,
sms_spam,logistic_regression,C,0.1,0.875968992248062,0.0,0.0,0.0,0.9773316509955753,{},,,
sms_spam,logistic_regression,C,1,0.9583333333333334,0.9885057471264368,0.671875,0.8,0.9827848451327433,{},,,
sms_spam,logistic_regression,C,10,0.9767441860465116,0.9642857142857143,0.84375,0.9,0.9823527378318584,{},,,
sms_spam,logistic_regression,C,100,0.9786821705426356,0.9568965517241379,0.8671875,0.9098360655737705,0.9779884540929203,{},,,
sms_spam,logistic_regression,penalty,l1,0.9612403100775194,0.94,0.734375,0.8245614035087719,0.9681364076327434,{'C': 1.0},,,
sms_spam,logistic_regression,penalty,l2,0.9583333333333334,0.9885057471264368,0.671875,0.8,0.9827848451327433,{'C': 1.0},,,
sms_spam,knn,n_neighbors,1,0.9544573643410853,0.9550561797752809,0.6640625,0.783410138248848,0.829818860619469,{},,,
sms_spam,knn,n_neighbors,3,0.9292635658914729,0.9824561403508771,0.4375,0.6054054054054054,0.8342695658185841,{},,,
sms_spam,knn,n_neighbors,5,0.9186046511627907,0.9782608695652174,0.3515625,0.5172413793103449,0.8308904867256638,{},,,
sms_spam,knn,n_neighbors,7,0.9127906976744186,0.975,0.3046875,0.4642857142857143,0.8318540860066372,{},,,
sms_spam,knn,n_neighbors,9,0.9011627906976745,0.9642857142857143,0.2109375,0.34615384615384615,0.8206149751106194,{},,,
sms_spam,knn,n_neighbors,11,0.8934108527131783,1.0,0.140625,0.2465753424657534,0.8082826327433628,{},,,
sms_spam,knn,n_neighbors,15,0.8856589147286822,1.0,0.078125,0.14492753623188406,0.8033998202433629,{},,,
sms_spam,knn,n_neighbors,20,0.8827519379844961,1.0,0.0546875,0.1037037037037037,0.8044023091814159,{},,,
sms_spam,knn,n_neighbors,25,0.8808139534883721,1.0,0.0390625,0.07518796992481203,0.7889371888827433,{},,,
sms_spam,knn,n_neighbors,30,0.875968992248062,0.0,0.0,0.0,0.7985472552544248,{},,,
sms_spam,knn,n_neighbors,50,0.875968992248062,0.0,0.0,0.0,0.825139138550885,{},,,
sms_spam,knn,weights,uniform,0.9186046511627907,0.9782608695652174,0.3515625,0.5172413793103449,0.8308904867256638,{'n_neighbors': 5},,,
sms_spam,knn,weights,distance,0.9312015503875969,0.9830508474576272,0.453125,0.6203208556149733,0.8440611172566371,{'n_neighbors': 5},,,
sms_spam,knn,distance_metric,euclidean,0.9186046511627907,0.9782608695652174,0.3515625,0.5172413793103449,0.8308904867256638,{'n_neighbors': 5},,,
sms_spam,knn,distance_metric,manhattan,0.8798449612403101,0.8333333333333334,0.0390625,0.07462686567164178,0.5262678028207965,{'n_neighbors': 5},,,
sms_spam,decision_tree,max_depth,1,0.8885658914728682,0.6666666666666666,0.203125,0.31137724550898205,0.5943722345132743,{},,,
sms_spam,decision_tree,max_depth,2,0.9069767441860465,0.8076923076923077,0.328125,0.4666666666666667,0.6603377350663717,{},,,
sms_spam,decision_tree,max_depth,3,0.9224806201550387,0.8243243243243243,0.4765625,0.6039603960396039,0.7333422635508849,{},,,
sms_spam,decision_tree,max_depth,5,0.9321705426356589,0.8536585365853658,0.546875,0.6666666666666666,0.7547531803097346,{},,,
sms_spam,decision_tree,max_depth,7,0.938953488372093,0.8571428571428571,0.609375,0.7123287671232876,0.8117913440265486,{},,,
sms_spam,decision_tree,max_depth,10,0.9515503875968992,0.9239130434782609,0.6640625,0.7727272727272727,0.8169420630530972,{},,,
sms_spam,decision_tree,max_depth,15,0.9505813953488372,0.8737864077669902,0.703125,0.7792207792207793,0.8015115113384956,{},,,
sms_spam,decision_tree,max_depth,20,0.9544573643410853,0.8521739130434782,0.765625,0.8065843621399177,0.8341312914823009,{},,,
sms_spam,decision_tree,max_depth,,0.9573643410852714,0.823076923076923,0.8359375,0.8294573643410853,0.8975343957411505,{},,,
sms_spam,decision_tree,min_samples_split,2,0.9573643410852714,0.823076923076923,0.8359375,0.8294573643410853,0.8975343957411505,{},,,
sms_spam,decision_tree,min_samples_split,5,0.9496124031007752,0.7923076923076923,0.8046875,0.7984496124031008,0.8794420630530974,{},,,
sms_spam,decision_tree,min_samples_split,10,0.9544573643410853,0.8188976377952756,0.8125,0.8156862745098039,0.8961602945243363,{},,,
sms_spam,decision_tree,min_samples_split,20,0.9573643410852714,0.8559322033898306,0.7890625,0.8211382113821138,0.8935417242809734,{},,,
sms_spam,decision_tree,min_samples_split,50,0.9525193798449613,0.8062015503875969,0.8125,0.8093385214007782,0.934077710176991,{},,,
sms_spam,decision_tree,min_samples_split,100,0.9554263565891473,0.7808219178082192,0.890625,0.8321167883211679,0.9491064021017699,{},,,
sms_spam,decision_tree,min_samples_leaf,1,0.9573643410852714,0.823076923076923,0.8359375,0.8294573643410853,0.8975343957411505,{},,,
sms_spam,decision_tree,min_samples_leaf,2,0.9573643410852714,0.9117647058823529,0.7265625,0.808695652173913,0.8831409015486725,{},,,
sms_spam,decision_tree,min_samples_leaf,5,0.9515503875968992,0.8362068965517241,0.7578125,0.7950819672131147,0.9355036642699115,{},,,
sms_spam,decision_tree,min_samples_leaf,10,0.9437984496124031,0.8365384615384616,0.6796875,0.75,0.9287152585730089,{},,,
sms_spam,decision_tree,min_samples_leaf,20,0.9408914728682171,0.819047619047619,0.671875,0.7381974248927039,0.9284819206305309,{},,,
sms_spam,decision_tree,min_samples_leaf,50,0.9234496124031008,0.7578947368421053,0.5625,0.6457399103139013,0.8882224834070795,{},,,
sms_spam,decision_tree,criterion,gini,0.9573643410852714,0.823076923076923,0.8359375,0.8294573643410853,0.8975343957411505,{},,,
sms_spam,decision_tree,criterion,entropy,0.9651162790697675,0.8709677419354839,0.84375,0.8571428571428571,0.9090846238938053,{},,,
sms_spam,decision_tree,criterion,log_loss,0.9651162790697675,0.8709677419354839,0.84375,0.8571428571428571,0.9090846238938053,{},,,
sms_spam,svm,C,0.001,0.875968992248062,0.0,0.0,0.0,0.9826897815265487,"{'n_support_vectors': 1034, 'training_time_seconds': 0.9928288459777832}",,,
sms_spam,svm,C,0.01,0.875968992248062,0.0,0.0,0.0,0.9831046045353982,"{'n_support_vectors': 1804, 'training_time_seconds': 1.7157461643218994}",,,
sms_spam,svm,C,0.1,0.8798449612403101,1.0,0.03125,0.06060606060606061,0.9831823838495576,"{'n_support_vectors': 1987, 'training_time_seconds': 1.8511879444122314}",,,
sms_spam,svm,C,1,0.9738372093023255,0.9809523809523809,0.8046875,0.8841201716738197,0.9855762582964601,"{'n_support_vectors': 2012, 'training_time_seconds': 2.2055752277374268}",,,
sms_spam,svm,C,10,0.9796511627906976,0.9908256880733946,0.84375,0.9113924050632911,0.9848676023230089,"{'n_support_vectors': 2076, 'training_time_seconds': 2.62906813621521}",,,
sms_spam,svm,C,100,0.9796511627906976,0.9908256880733946,0.84375,0.9113924050632911,0.9848589601769913,"{'n_support_vectors': 2077, 'training_time_seconds': 2.618433952331543}",,,
sms_spam,svm,C,1000,0.9796511627906976,0.9908256880733946,0.84375,0.9113924050632911,0.9848676023230089,"{'n_support_vectors': 2076, 'training_time_seconds': 2.629265308380127}",,,
sms_spam,svm,kernel,linear,0.9767441860465116,0.956140350877193,0.8515625,0.9008264462809917,0.9835367118362832,"{'n_support_vectors': 902, 'training_time_seconds': 0.7975637912750244}",,,
sms_spam,svm,kernel,rbf,0.9738372093023255,0.9809523809523809,0.8046875,0.8841201716738197,0.9855762582964601,"{'n_support_vectors': 2012, 'training_time_seconds': 2.2282419204711914}",,,
sms_spam,svm,kernel,poly,0.937984496124031,0.9848484848484849,0.5078125,0.6701030927835051,0.9856021847345131,"{'n_support_vectors': 3826, 'training_time_seconds': 3.1523630619049072}",,,
sms_spam,svm,kernel,sigmoid,0.9748062015503876,0.9473684210526315,0.84375,0.8925619834710744,0.9827243501106194,"{'n_support_vectors': 749, 'training_time_seconds': 0.742175817489624}",,,
mammogram,logistic_regression,C,0.001,0.7610619469026548,0.7457627118644068,0.7857142857142857,0.7652173913043478,0.8215852130325815,{},,,
mammogram,logistic_regression,C,0.01,0.7610619469026548,0.7457627118644068,0.7857142857142857,0.7652173913043478,0.830983709273183,{},,,
mammogram,logistic_regression,C,0.1,0.7522123893805309,0.75,0.75,0.75,0.8460213032581454,{},,,
mammogram,logistic_regression,C,1,0.7699115044247787,0.7678571428571429,0.7678571428571429,0.7678571428571429,0.8466478696741855,{},,,
mammogram,logistic_regression,C,10,0.7876106194690266,0.7857142857142857,0.7857142857142857,0.7857142857142857,0.8463345864661654,{},,,
mammogram,logistic_regression,C,100,0.7876106194690266,0.7857142857142857,0.7857142857142857,0.7857142857142857,0.8463345864661653,{},,,
mammogram,logistic_regression,C,1000,0.7876106194690266,0.7857142857142857,0.7857142857142857,0.7857142857142857,0.8463345864661653,{},,,
mammogram,logistic_regression,penalty,l1,0.7876106194690266,0.7857142857142857,0.7857142857142857,0.7857142857142857,0.8466478696741855,{'solver': 'liblinear'},,,
mammogram,logistic_regression,penalty,l2,0.7699115044247787,0.7678571428571429,0.7678571428571429,0.7678571428571429,0.8466478696741855,{'solver': 'lbfgs'},,,
mammogram,knn,n_neighbors,1,0.6283185840707964,0.6346153846153846,0.5892857142857143,0.6111111111111112,0.6279761904761906,{},,,
mammogram,knn,n_neighbors,3,0.7079646017699115,0.7017543859649122,0.7142857142857143,0.7079646017699115,0.7243107769423558,{},,,
mammogram,knn,n_neighbors,5,0.7168141592920354,0.7222222222222222,0.6964285714285714,0.7090909090909091,0.7716165413533835,{},,,
mammogram,knn,n_neighbors,7,0.7345132743362832,0.75,0.6964285714285714,0.7222222222222222,0.7979323308270676,{},,,
mammogram,knn,n_neighbors,9,0.7522123893805309,0.7692307692307693,0.7142857142857143,0.7407407407407407,0.8098370927318296,{},,,
mammogram,knn,n_neighbors,11,0.7433628318584071,0.7454545454545455,0.7321428571428571,0.7387387387387387,0.8170426065162907,{},,,
mammogram,knn,n_neighbors,15,0.7699115044247787,0.7586206896551724,0.7857142857142857,0.7719298245614035,0.8151629072681704,{},,,
mammogram,knn,n_neighbors,20,0.7522123893805309,0.7413793103448276,0.7678571428571429,0.7543859649122807,0.8139097744360902,{},,,
mammogram,knn,n_neighbors,25,0.7256637168141593,0.6984126984126984,0.7857142857142857,0.7394957983193278,0.8320802005012532,{},,,
mammogram,knn,n_neighbors,30,0.7787610619469026,0.7540983606557377,0.8214285714285714,0.7863247863247863,0.8322368421052632,{},,,
mammogram,knn,n_neighbors,50,0.7610619469026548,0.7301587301587301,0.8214285714285714,0.773109243697479,0.8348997493734335,{},,,
mammogram,knn,weights,uniform,0.7168141592920354,0.7222222222222222,0.6964285714285714,0.7090909090909091,0.7716165413533835,{'n_neighbors': 5},,,
mammogram,knn,weights,distance,0.672566371681416,0.6666666666666666,0.6785714285714286,0.672566371681416,0.6513157894736843,{'n_neighbors': 5},,,
mammogram,knn,distance_metric,euclidean,0.7168141592920354,0.7222222222222222,0.6964285714285714,0.7090909090909091,0.7716165413533835,{'n_neighbors': 5},,,
mammogram,knn,distance_metric,manhattan,0.7522123893805309,0.7592592592592593,0.7321428571428571,0.7454545454545455,0.7769423558897244,{'n_neighbors': 5},,,
mammogram,decision_tree,max_depth,1,0.7433628318584071,0.813953488372093,0.625,0.7070707070707071,0.7423245614035088,{},,,
mammogram,decision_tree,max_depth,2,0.7433628318584071,0.813953488372093,0.625,0.7070707070707071,0.7893170426065164,{},,,
mammogram,decision_tree,max_depth,3,0.7345132743362832,0.8095238095238095,0.6071428571428571,0.6938775510204082,0.787437343358396,{},,,
mammogram,decision_tree,max_depth,5,0.7876106194690266,0.82,0.7321428571428571,0.7735849056603774,0.7951127819548872,{},,,
mammogram,decision_tree,max_depth,7,0.6991150442477876,0.7037037037037037,0.6785714285714286,0.6909090909090909,0.6962719298245614,{},,,
mammogram,decision_tree,max_depth,10,0.6814159292035398,0.6923076923076923,0.6428571428571429,0.6666666666666666,0.6729323308270676,{},,,
mammogram,decision_tree,max_depth,15,0.6106194690265486,0.6304347826086957,0.5178571428571429,0.5686274509803921,0.6203007518796992,{},,,
mammogram,decision_tree,max_depth,20,0.6106194690265486,0.625,0.5357142857142857,0.5769230769230769,0.630325814536341,{},,,
mammogram,decision_tree,max_depth,None,0.6106194690265486,0.625,0.5357142857142857,0.5769230769230769,0.630325814536341,{},,,
mammogram,decision_tree,min_samples_split,2,0.6106194690265486,0.625,0.5357142857142857,0.5769230769230769,0.630325814536341,{},,,
mammogram,decision_tree,min_samples_split,5,0.6460176991150443,0.6818181818181818,0.5357142857142857,0.6,0.6871867167919801,{},,,
mammogram,decision_tree,min_samples_split,10,0.6902654867256637,0.6779661016949152,0.7142857142857143,0.6956521739130435,0.7233709273182958,{},,,
mammogram,decision_tree,min_samples_split,20,0.7433628318584071,0.7454545454545455,0.7321428571428571,0.7387387387387387,0.7601817042606517,{},,,
mammogram,decision_tree,min_samples_split,50,0.7699115044247787,0.7884615384615384,0.7321428571428571,0.7592592592592593,0.8106203007518797,{},,,
mammogram,decision_tree,min_samples_split,100,0.7876106194690266,0.82,0.7321428571428571,0.7735849056603774,0.7938596491228069,{},,,
mammogram,decision_tree,min_samples_leaf,1,0.6106194690265486,0.625,0.5357142857142857,0.5769230769230769,0.630325814536341,{},,,
mammogram,decision_tree,min_samples_leaf,2,0.6548672566371682,0.6888888888888889,0.5535714285714286,0.6138613861386139,0.7136591478696743,{},,,
mammogram,decision_tree,min_samples_leaf,5,0.7522123893805309,0.7592592592592593,0.7321428571428571,0.7454545454545455,0.781171679197995,{},,,
mammogram,decision_tree,min_samples_leaf,10,0.7433628318584071,0.7368421052631579,0.75,0.7433628318584071,0.7844611528822054,{},,,
mammogram,decision_tree,min_samples_leaf,20,0.7964601769911505,0.8235294117647058,0.75,0.7850467289719626,0.8280075187969925,{},,,
mammogram,decision_tree,min_samples_leaf,50,0.8053097345132744,0.8269230769230769,0.7678571428571429,0.7962962962962963,0.8286340852130325,{},,,
mammogram,decision_tree,criterion,gini,0.6106194690265486,0.625,0.5357142857142857,0.5769230769230769,0.630325814536341,{},,,
mammogram,decision_tree,criterion,entropy,0.6194690265486725,0.6274509803921569,0.5714285714285714,0.5981308411214953,0.6256265664160401,{},,,
mammogram,decision_tree,criterion,log_loss,0.6194690265486725,0.6274509803921569,0.5714285714285714,0.5981308411214953,0.6256265664160401,{},,,
mammogram,svm,C,0.01,0.7446902654867257,0.7044359562006621,0.8357142857142856,0.7639524298690221,0.8205234067311136,"{'n_support_vectors': 311, 'training_time': 0.014221763610839844, 'kernel': 'linear'}",,,
mammogram,svm,C,0.1,0.7588811630847029,0.7410114535494937,0.7892857142857143,0.7631956135890205,0.8384778911564625,"{'n_support_vectors': 262, 'training_time': 0.012620830535888672, 'kernel': 'linear'}",,,
mammogram,svm,C,1,0.7747787610619469,0.8273507651768522,0.6928571428571428,0.7513788999083116,0.8422630236305049,"{'n_support_vectors': 245, 'training_time': 0.0146820068359375, 'kernel': 'linear'}",,,
mammogram,svm,C,10,0.7800884955752212,0.8494358681151134,0.6785714285714286,0.7527378162455827,0.843734335839599,"{'n_support_vectors': 242, 'training_time': 0.019858455657958983, 'kernel': 'linear'}",,,
mammogram,svm,C,100,0.7871681415929203,0.7999044351874541,0.7678571428571428,0.7785773951550761,0.8311604905119943,"{'n_support_vectors': 247, 'training_time': 0.043084001541137694, 'kernel': 'linear'}",,,
mammogram,svm,kernel,linear,0.7747787610619469,0.8273507651768522,0.6928571428571428,0.7513788999083116,0.8422630236305049,"{'n_support_vectors': 245, 'training_time': 0.014603424072265624, 'C': 1.0}",,,
mammogram,svm,kernel,rbf,0.7517857142857143,0.7337598303727336,0.7857142857142856,0.7578931152233971,0.843031686358754,"{'n_support_vectors': 259, 'training_time': 0.020775651931762694, 'C': 1.0}",,,
sonar,logistic_regression,C,0.001,0.7380952380952381,0.6896551724137931,0.9090909090909091,0.7843137254901961,,{},,,
sonar,logistic_regression,C,0.01,0.8095238095238095,0.8181818181818182,0.8181818181818182,0.8181818181818182,,{},,,
sonar,logistic_regression,C,0.1,0.7857142857142857,0.8421052631578947,0.7272727272727273,0.7804878048780488,,{},,,
sonar,logistic_regression,C,1,0.8333333333333334,0.8260869565217391,0.8636363636363636,0.8444444444444444,,{},,,
sonar,logistic_regression,C,10,0.7619047619047619,0.8,0.7272727272727273,0.7619047619047619,,{},,,
sonar,logistic_regression,C,100,0.7619047619047619,0.8,0.7272727272727273,0.7619047619047619,,{},,,
sonar,logistic_regression,C,1000,0.7619047619047619,0.8,0.7272727272727273,0.7619047619047619,,{},,,
sonar,logistic_regression,penalty,l1,0.7857142857142857,0.782608695652174,0.8181818181818182,0.8,,{'solver': 'liblinear'},,,
sonar,logistic_regression,penalty,l2,0.8333333333333334,0.8260869565217391,0.8636363636363636,0.8444444444444444,,{'solver': 'lbfgs'},,,
sonar,knn,k,1,0.9285714285714286,0.9130434782608695,0.9545454545454546,0.9333333333333333,,{},,,
sonar,knn,k,2,0.9285714285714286,1.0,0.8636363636363636,0.926829268292683,,{},,,
sonar,knn,k,3,0.8095238095238095,0.7692307692307693,0.9090909090909091,0.8333333333333334,,{},,,
sonar,knn,k,4,0.8333333333333334,0.8260869565217391,0.8636363636363636,0.8444444444444444,,{},,,
sonar,knn,k,5,0.7857142857142857,0.76,0.8636363636363636,0.8085106382978723,,{},,,
sonar,knn,k,6,0.8095238095238095,0.7916666666666666,0.8636363636363636,0.8260869565217391,,{},,,
sonar,knn,k,7,0.7857142857142857,0.76,0.8636363636363636,0.8085106382978723,,{},,,
sonar,knn,k,8,0.8333333333333334,0.8260869565217391,0.8636363636363636,0.8444444444444444,,{},,,
sonar,knn,k,9,0.7857142857142857,0.7407407407407407,0.9090909090909091,0.8163265306122449,,{},,,
sonar,knn,k,10,0.8333333333333334,0.8,0.9090909090909091,0.851063829787234,,{},,,
sonar,knn,k,11,0.7619047619047619,0.7142857142857143,0.9090909090909091,0.8,,{},,,
sonar,knn,k,12,0.7619047619047619,0.7142857142857143,0.9090909090909091,0.8,,{},,,
sonar,knn,k,13,0.7619047619047619,0.7142857142857143,0.9090909090909091,0.8,,{},,,
sonar,knn,k,14,0.7619047619047619,0.7307692307692307,0.8636363636363636,0.7916666666666666,,{},,,
sonar,knn,k,15,0.7380952380952381,0.7037037037037037,0.8636363636363636,0.7755102040816326,,{},,,
sonar,knn,k,16,0.7857142857142857,0.76,0.8636363636363636,0.8085106382978723,,{},,,
sonar,knn,k,17,0.7380952380952381,0.7037037037037037,0.8636363636363636,0.7755102040816326,,{},,,
sonar,knn,k,18,0.7857142857142857,0.76,0.8636363636363636,0.8085106382978723,,{},,,
sonar,knn,k,19,0.7857142857142857,0.76,0.8636363636363636,0.8085106382978723,,{},,,
sonar,knn,k,20,0.7857142857142857,0.76,0.8636363636363636,0.8085106382978723,,{},,,
sonar,knn,k,21,0.7619047619047619,0.7307692307692307,0.8636363636363636,0.7916666666666666,,{},,,
sonar,knn,k,22,0.7857142857142857,0.76,0.8636363636363636,0.8085106382978723,,{},,,
sonar,knn,k,23,0.7142857142857143,0.6785714285714286,0.8636363636363636,0.76,,{},,,
sonar,knn,k,24,0.7142857142857143,0.6923076923076923,0.8181818181818182,0.75,,{},,,
sonar,knn,k,25,0.7142857142857143,0.6785714285714286,0.8636363636363636,0.76,,{},,,
sonar,knn,weights,uniform,0.9285714285714286,0.9130434782608695,0.9545454545454546,0.9333333333333333,,{'k': 1},,,
sonar,knn,weights,distance,0.9285714285714286,0.9130434782608695,0.9545454545454546,0.9333333333333333,,{'k': 1},,,
sonar,knn,metric,euclidean,0.9285714285714286,0.9130434782608695,0.9545454545454546,0.9333333333333333,,{'k': 1},,,
sonar,knn,metric,manhattan,0.9047619047619048,0.875,0.9545454545454546,0.9130434782608695,,{'k': 1},,,
sonar,knn,metric,minkowski,0.9285714285714286,0.9130434782608695,0.9545454545454546,0.9333333333333333,,{'k': 1},,,
sonar,decision_tree,max_depth,1,0.7142857142857143,0.6785714285714286,0.8636363636363636,0.76,,{},,,
sonar,decision_tree,max_depth,2,0.7619047619047619,0.8333333333333334,0.6818181818181818,0.75,,{},,,
sonar,decision_tree,max_depth,3,0.8333333333333334,0.8,0.9090909090909091,0.851063829787234,,{},,,
sonar,decision_tree,max_depth,4,0.7380952380952381,0.72,0.8181818181818182,0.7659574468085106,,{},,,
sonar,decision_tree,max_depth,5,0.8333333333333334,0.7777777777777778,0.9545454545454546,0.8571428571428571,,{},,,
sonar,decision_tree,max_depth,6,0.8333333333333334,0.7777777777777778,0.9545454545454546,0.8571428571428571,,{},,,
sonar,decision_tree,max_depth,7,0.8333333333333334,0.7777777777777778,0.9545454545454546,0.8571428571428571,,{},,,
sonar,decision_tree,max_depth,8,0.8333333333333334,0.7777777777777778,0.9545454545454546,0.8571428571428571,,{},,,
sonar,decision_tree,max_depth,9,0.8333333333333334,0.7777777777777778,0.9545454545454546,0.8571428571428571,,{},,,
sonar,decision_tree,max_depth,10,0.8333333333333334,0.7777777777777778,0.9545454545454546,0.8571428571428571,,{},,,
sonar,decision_tree,max_depth,11,0.8333333333333334,0.7777777777777778,0.9545454545454546,0.8571428571428571,,{},,,
sonar,decision_tree,max_depth,12,0.8333333333333334,0.7777777777777778,0.9545454545454546,0.8571428571428571,,{},,,
sonar,decision_tree,max_depth,13,0.8333333333333334,0.7777777777777778,0.9545454545454546,0.8571428571428571,,{},,,
sonar,decision_tree,max_depth,14,0.8333333333333334,0.7777777777777778,0.9545454545454546,0.8571428571428571,,{},,,
sonar,decision_tree,max_depth,15,0.8333333333333334,0.7777777777777778,0.9545454545454546,0.8571428571428571,,{},,,
sonar,decision_tree,max_depth,16,0.8333333333333334,0.7777777777777778,0.9545454545454546,0.8571428571428571,,{},,,
sonar,decision_tree,max_depth,17,0.8333333333333334,0.7777777777777778,0.9545454545454546,0.8571428571428571,,{},,,
sonar,decision_tree,max_depth,18,0.8333333333333334,0.7777777777777778,0.9545454545454546,0.8571428571428571,,{},,,
sonar,decision_tree,max_depth,19,0.8333333333333334,0.7777777777777778,0.9545454545454546,0.8571428571428571,,{},,,
sonar,decision_tree,max_depth,20,0.8333333333333334,0.7777777777777778,0.9545454545454546,0.8571428571428571,,{},,,
sonar,decision_tree,min_samples_split,2,0.8333333333333334,0.7777777777777778,0.9545454545454546,0.8571428571428571,,{},,,
sonar,decision_tree,min_samples_split,3,0.8333333333333334,0.7777777777777778,0.9545454545454546,0.8571428571428571,,{},,,
sonar,decision_tree,min_samples_split,4,0.7857142857142857,0.7241379310344828,0.9545454545454546,0.8235294117647058,,{},,,
sonar,decision_tree,min_samples_split,5,0.7857142857142857,0.7241379310344828,0.9545454545454546,0.8235294117647058,,{},,,
sonar,decision_tree,min_samples_split,6,0.7857142857142857,0.7241379310344828,0.9545454545454546,0.8235294117647058,,{},,,
sonar,decision_tree,min_samples_split,7,0.7857142857142857,0.7241379310344828,0.9545454545454546,0.8235294117647058,,{},,,
sonar,decision_tree,min_samples_split,8,0.7857142857142857,0.7241379310344828,0.9545454545454546,0.8235294117647058,,{},,,
sonar,decision_tree,min_samples_split,9,0.7857142857142857,0.7241379310344828,0.9545454545454546,0.8235294117647058,,{},,,
sonar,decision_tree,min_samples_split,10,0.7857142857142857,0.7241379310344828,0.9545454545454546,0.8235294117647058,,{},,,
sonar,decision_tree,min_samples_split,11,0.7857142857142857,0.7241379310344828,0.9545454545454546,0.8235294117647058,,{},,,
sonar,decision_tree,min_samples_split,12,0.7380952380952381,0.72,0.8181818181818182,0.7659574468085106,,{},,,
sonar,decision_tree,min_samples_split,13,0.7380952380952381,0.72,0.8181818181818182,0.7659574468085106,,{},,,
sonar,decision_tree,min_samples_split,14,0.7380952380952381,0.72,0.8181818181818182,0.7659574468085106,,{},,,
sonar,decision_tree,min_samples_split,15,0.7380952380952381,0.72,0.8181818181818182,0.7659574468085106,,{},,,
sonar,decision_tree,min_samples_split,16,0.7380952380952381,0.72,0.8181818181818182,0.7659574468085106,,{},,,
sonar,decision_tree,min_samples_split,17,0.7380952380952381,0.72,0.8181818181818182,0.7659574468085106,,{},,,
sonar,decision_tree,min_samples_split,18,0.7142857142857143,0.7272727272727273,0.7272727272727273,0.7272727272727273,,{},,,
sonar,decision_tree,min_samples_split,19,0.7142857142857143,0.7272727272727273,0.7272727272727273,0.7272727272727273,,{},,,
sonar,decision_tree,min_samples_split,20,0.7142857142857143,0.7272727272727273,0.7272727272727273,0.7272727272727273,,{},,,
sonar,decision_tree,min_samples_leaf,1,0.8333333333333334,0.7777777777777778,0.9545454545454546,0.8571428571428571,,{},,,
sonar,decision_tree,min_samples_leaf,2,0.7619047619047619,0.7142857142857143,0.9090909090909091,0.8,,{},,,
sonar,decision_tree,min_samples_leaf,3,0.7142857142857143,0.7272727272727273,0.7272727272727273,0.7272727272727273,,{},,,
sonar,decision_tree,min_samples_leaf,4,0.7380952380952381,0.8235294117647058,0.6363636363636364,0.717948717948718,,{},,,
sonar,decision_tree,min_samples_leaf,5,0.7619047619047619,0.8333333333333334,0.6818181818181818,0.75,,{},,,
sonar,decision_tree,min_samples_leaf,6,0.7380952380952381,0.7894736842105263,0.6818181818181818,0.7317073170731707,,{},,,
sonar,decision_tree,min_samples_leaf,7,0.7857142857142857,0.8095238095238095,0.7727272727272727,0.7906976744186046,,{},,,
sonar,decision_tree,min_samples_leaf,8,0.8095238095238095,0.85,0.7727272727272727,0.8095238095238095,,{},,,
sonar,decision_tree,min_samples_leaf,9,0.7619047619047619,0.8333333333333334,0.6818181818181818,0.75,,{},,,
sonar,decision_tree,min_samples_leaf,10,0.7619047619047619,0.8333333333333334,0.6818181818181818,0.75,,{},,,
sonar,decision_tree,min_samples_leaf,11,0.7619047619047619,0.875,0.6363636363636364,0.7368421052631579,,{},,,
sonar,decision_tree,min_samples_leaf,12,0.7619047619047619,0.8333333333333334,0.6818181818181818,0.75,,{},,,
sonar,decision_tree,min_samples_leaf,13,0.7619047619047619,0.8333333333333334,0.6818181818181818,0.75,,{},,,
sonar,decision_tree,min_samples_leaf,14,0.7619047619047619,0.8333333333333334,0.6818181818181818,0.75,,{},,,
sonar,decision_tree,min_samples_leaf,15,0.7619047619047619,0.8333333333333334,0.6818181818181818,0.75,,{},,,
sonar,decision_tree,min_samples_leaf,16,0.7619047619047619,0.8333333333333334,0.6818181818181818,0.75,,{},,,
sonar,decision_tree,min_samples_leaf,17,0.7619047619047619,0.8333333333333334,0.6818181818181818,0.75,,{},,,
sonar,decision_tree,min_samples_leaf,18,0.7619047619047619,0.8333333333333334,0.6818181818181818,0.75,,{},,,
sonar,decision_tree,min_samples_leaf,19,0.7380952380952381,0.7894736842105263,0.6818181818181818,0.7317073170731707,,{},,,
sonar,decision_tree,min_samples_leaf,20,0.7380952380952381,0.7894736842105263,0.6818181818181818,0.7317073170731707,,{},,,
sonar,decision_tree,criterion,gini,0.8333333333333334,0.7777777777777778,0.9545454545454546,0.8571428571428571,,{},,,
sonar,decision_tree,criterion,entropy,0.8809523809523809,0.9047619047619048,0.8636363636363636,0.8837209302325582,,{},,,
sonar,svm,C,0.001,0.5238095238095238,0.5238095238095238,1.0,0.6875,,{},,,
sonar,svm,C,0.01,0.5238095238095238,0.5238095238095238,1.0,0.6875,,{},,,
sonar,svm,C,0.1,0.5952380952380952,0.5641025641025641,1.0,0.7213114754098361,,{},,,
sonar,svm,C,1,0.9285714285714286,0.88,1.0,0.9361702127659575,,{},,,
sonar,svm,C,10,0.9285714285714286,0.88,1.0,0.9361702127659575,,{},,,
sonar,svm,C,100,0.9285714285714286,0.88,1.0,0.9361702127659575,,{},,,
sonar,svm,C,1000,0.9285714285714286,0.88,1.0,0.9361702127659575,,{},,,
sonar,svm,kernel,linear,0.8571428571428571,0.9,0.8181818181818182,0.8571428571428571,,{},,,
sonar,svm,kernel,rbf,0.9285714285714286,0.88,1.0,0.9361702127659575,,{},,,
sonar,svm,kernel,poly,0.8571428571428571,0.8076923076923077,0.9545454545454546,0.875,,{},,,
sonar,svm,kernel,sigmoid,0.7142857142857143,0.7083333333333334,0.7727272727272727,0.7391304347826086,,{},,,
thoracic,logistic_regression,C,0.001,0.851063829787234,0.724309642372114,0.851063829787234,0.7825874296894105,0.6455357142857143,{},,,
thoracic,logistic_regression,C,0.01,0.851063829787234,0.724309642372114,0.851063829787234,0.7825874296894105,0.6705357142857143,{},,,
thoracic,logistic_regression,C,0.1,0.8404255319148937,0.7229466941203385,0.8404255319148937,0.7772721682449883,0.7008928571428572,{},,,
thoracic,logistic_regression,C,1,0.8404255319148937,0.7229466941203385,0.8404255319148937,0.7772721682449883,0.7044642857142858,{},,,
thoracic,logistic_regression,C,10,0.8404255319148937,0.7229466941203385,0.8404255319148937,0.7772721682449883,0.70625,{},,,
thoracic,logistic_regression,C,100,0.8404255319148937,0.7229466941203385,0.8404255319148937,0.7772721682449883,0.70625,{},,,
thoracic,logistic_regression,penalty,l1,0.8404255319148937,0.7229466941203385,0.8404255319148937,0.7772721682449883,0.6928571428571428,{'solver': 'liblinear'},,,
thoracic,logistic_regression,penalty,l2,0.8404255319148937,0.7229466941203385,0.8404255319148937,0.7772721682449883,0.7017857142857143,{'solver': 'liblinear'},,,
thoracic,knn,n_neighbors,1,0.7659574468085106,0.7513405985123681,0.7659574468085106,0.7584005172657655,0.5089285714285714,{},,,
thoracic,knn,n_neighbors,3,0.8297872340425532,0.7215541165587419,0.8297872340425532,0.7718951014349332,0.5392857142857143,{},,,
thoracic,knn,n_neighbors,5,0.8404255319148937,0.7229466941203385,0.8404255319148937,0.7772721682449883,0.4602678571428572,{},,,
thoracic,knn,n_neighbors,7,0.851063829787234,0.724309642372114,0.851063829787234,0.7825874296894105,0.47187499999999993,{},,,
thoracic,knn,n_neighbors,9,0.851063829787234,0.724309642372114,0.851063829787234,0.7825874296894105,0.5446428571428572,{},,,
thoracic,knn,n_neighbors,11,0.851063829787234,0.724309642372114,0.851063829787234,0.7825874296894105,0.47901785714285716,{},,,
thoracic,knn,n_neighbors,15,0.851063829787234,0.724309642372114,0.851063829787234,0.7825874296894105,0.5401785714285714,{},,,
thoracic,knn,n_neighbors,20,0.851063829787234,0.724309642372114,0.851063829787234,0.7825874296894105,0.6120535714285714,{},,,
thoracic,knn,n_neighbors,25,0.851063829787234,0.724309642372114,0.851063829787234,0.7825874296894105,0.6183035714285714,{},,,
thoracic,knn,n_neighbors,30,0.851063829787234,0.724309642372114,0.851063829787234,0.7825874296894105,0.6174107142857144,{},,,
thoracic,knn,n_neighbors,50,0.851063829787234,0.724309642372114,0.851063829787234,0.7825874296894105,0.6107142857142857,{},,,
thoracic,knn,weights,uniform,0.8404255319148937,0.7229466941203385,0.8404255319148937,0.7772721682449883,0.4602678571428572,{'k': 5},,,
thoracic,knn,weights,distance,0.8404255319148937,0.7229466941203385,0.8404255319148937,0.7772721682449883,0.46830357142857143,{'k': 5},,,
thoracic,knn,metric,euclidean,0.8404255319148937,0.7229466941203385,0.8404255319148937,0.7772721682449883,0.4602678571428572,{'k': 5},,,
thoracic,knn,metric,manhattan,0.8404255319148937,0.7229466941203385,0.8404255319148937,0.7772721682449883,0.4660714285714286,{'k': 5},,,
thoracic,decision_tree,max_depth,1,0.851063829787234,0.724309642372114,0.851063829787234,0.7825874296894105,0.5107142857142857,{},,,
thoracic,decision_tree,max_depth,2,0.8404255319148937,0.7229466941203385,0.8404255319148937,0.7772721682449883,0.5102678571428572,{},,,
thoracic,decision_tree,max_depth,3,0.8297872340425532,0.7653664302600472,0.8297872340425532,0.7875121679877625,0.5044642857142857,{},,,
thoracic,decision_tree,max_depth,5,0.8297872340425532,0.7653664302600472,0.8297872340425532,0.7875121679877625,0.575,{},,,
thoracic,decision_tree,max_depth,7,0.8297872340425532,0.7653664302600472,0.8297872340425532,0.7875121679877625,0.5517857142857142,{},,,
thoracic,decision_tree,max_depth,10,0.8191489361702128,0.776228906823184,0.8191489361702128,0.7927973839554934,0.6017857142857144,{},,,
thoracic,decision_tree,max_depth,15,0.7446808510638298,0.7847901092581944,0.7446808510638298,0.7622352616094795,0.5808035714285715,{},,,
thoracic,decision_tree,max_depth,20,0.7446808510638298,0.7721786736344407,0.7446808510638298,0.7573649754500819,0.5553571428571428,{},,,
thoracic,decision_tree,max_depth,,0.7446808510638298,0.7721786736344407,0.7446808510638298,0.7573649754500819,0.5553571428571428,{},,,
thoracic,decision_tree,min_samples_split,2,0.7446808510638298,0.7721786736344407,0.7446808510638298,0.7573649754500819,0.5553571428571428,{},,,
thoracic,decision_tree,min_samples_split,5,0.723404255319149,0.7527062336692795,0.723404255319149,0.7371453900709221,0.5785714285714286,{},,,
thoracic,decision_tree,min_samples_split,10,0.776595744680851,0.7830505431367268,0.776595744680851,0.7797450130815765,0.5910714285714286,{},,,
thoracic,decision_tree,min_samples_split,20,0.7659574468085106,0.7791871249318059,0.7659574468085106,0.7722775832660023,0.5732142857142857,{},,,
thoracic,decision_tree,min_samples_split,50,0.8085106382978723,0.7186761229314421,0.8085106382978723,0.7609511889862328,0.5147321428571429,{},,,
thoracic,decision_tree,min_samples_split,100,0.8085106382978723,0.7186761229314421,0.8085106382978723,0.7609511889862328,0.5513392857142857,{},,,
thoracic,decision_tree,min_samples_leaf,1,0.7446808510638298,0.7721786736344407,0.7446808510638298,0.7573649754500819,0.5553571428571428,{},,,
thoracic,decision_tree,min_samples_leaf,2,0.6914893617021277,0.757097627392477,0.6914893617021277,0.7198169001747979,0.5392857142857144,{},,,
thoracic,decision_tree,min_samples_leaf,5,0.8297872340425532,0.8197111226431413,0.8297872340425532,0.824291285284193,0.6049107142857143,{},,,
thoracic,decision_tree,min_samples_leaf,10,0.851063829787234,0.8052728954671601,0.851063829787234,0.8004082137555666,0.48526785714285714,{},,,
thoracic,decision_tree,min_samples_leaf,20,0.851063829787234,0.724309642372114,0.851063829787234,0.7825874296894105,0.5544642857142856,{},,,
thoracic,decision_tree,min_samples_leaf,50,0.851063829787234,0.724309642372114,0.851063829787234,0.7825874296894105,0.5513392857142857,{},,,
thoracic,decision_tree,criterion,gini,0.7446808510638298,0.7721786736344407,0.7446808510638298,0.7573649754500819,0.5553571428571428,{},,,
thoracic,decision_tree,criterion,entropy,0.723404255319149,0.7658424381828637,0.723404255319149,0.7424215334102694,0.5428571428571428,{},,,
thoracic,decision_tree,criterion,log_loss,0.723404255319149,0.7658424381828637,0.723404255319149,0.7424215334102694,0.5428571428571428,{},,,
thoracic,svm,C,0.001,0.851063829787234,0.724309642372114,0.851063829787234,0.7825874296894105,0.475,"{'n_support_vectors': 117, 'training_time': 0.005233049392700195}",,,
thoracic,svm,C,0.01,0.851063829787234,0.724309642372114,0.851063829787234,0.7825874296894105,0.4982142857142857,"{'n_support_vectors': 176, 'training_time': 0.006931781768798828}",,,
thoracic,svm,C,0.1,0.851063829787234,0.724309642372114,0.851063829787234,0.7825874296894105,0.4991071428571428,"{'n_support_vectors': 188, 'training_time': 0.008222818374633789}",,,
thoracic,svm,C,1,0.851063829787234,0.724309642372114,0.851063829787234,0.7825874296894105,0.4982142857142857,"{'n_support_vectors': 188, 'training_time': 0.009215116500854492}",,,
thoracic,svm,C,10,0.8297872340425532,0.7215541165587419,0.8297872340425532,0.7718951014349332,0.4883928571428572,"{'n_support_vectors': 186, 'training_time': 0.011476993560791016}",,,
thoracic,svm,C,100,0.8085106382978723,0.750161186331399,0.8085106382978723,0.7747720364741643,0.5464285714285714,"{'n_support_vectors': 176, 'training_time': 0.016302824020385742}",,,
thoracic,svm,C,1000,0.7446808510638298,0.7092198581560284,0.7446808510638298,0.7265179034769071,0.5071428571428571,"{'n_support_vectors': 169, 'training_time': 0.0249178409576416}",,,
thoracic,svm,kernel,linear,0.851063829787234,0.724309642372114,0.851063829787234,0.7825874296894105,0.66875,"{'n_support_vectors': 177, 'training_time': 0.00557708740234375}",,,
thoracic,svm,kernel,rbf,0.851063829787234,0.724309642372114,0.851063829787234,0.7825874296894105,0.4982142857142857,"{'n_support_vectors': 188, 'training_time': 0.009216070175170898}",,,
thoracic,svm,kernel,poly,0.851063829787234,0.8052728954671601,0.851063829787234,0.8004082137555666,0.5214285714285715,"{'n_support_vectors': 163, 'training_time': 0.005997896194458008}",,,
thoracic,svm,kernel,sigmoid,0.8617021276595744,0.8810340883093113,0.8617021276595744,0.8069692124789897,0.6651785714285714,"{'n_support_vectors': 115, 'training_time': 0.008405923843383789}",,,
