dataset,algorithm,parameter,metric,variance,std_dev,range,mean,min,max,cv,n_values
diabetes,decision_tree,criterion,accuracy,7.315178310952701e-06,0.002704658631131238,0.004684606166248995,0.7768239096488362,0.7737008388713368,0.7783854450375858,0.003481688188966636,3
diabetes,decision_tree,criterion,precision,1.3244503842518973e-05,0.0036392999110431905,0.006303452349907701,0.29096607610745373,0.2867637745408486,0.2930672268907563,0.012507643364236034,3
diabetes,decision_tree,criterion,recall,6.928324447046742e-06,0.002632171052011389,0.004559053996295748,0.3195137009070618,0.3179940162416299,0.3225530702379256,0.0082380537815404,3
diabetes,decision_tree,criterion,f1,6.672746113416676e-07,0.0008168687846537335,0.0014148582381373065,0.3045505876252103,0.30360734879978546,0.30502220703792277,0.0026822105024436804,3
diabetes,decision_tree,criterion,auc,3.4131929740622756e-07,0.0005842253823707316,0.0010119080453374618,0.5893952337357331,0.5887206283721748,0.5897325364175122,0.0009912285490803281,3
diabetes,decision_tree,max_depth,accuracy,0.000794231591943597,0.02818211475286404,0.07852707266586767,0.8332159155560397,0.7737008388713368,0.8522279115372045,0.03382330345197132,9
diabetes,decision_tree,max_depth,precision,0.06750742392433626,0.25982190809155464,0.6240837696335079,0.3093036304736955,0.0,0.6240837696335079,0.8400221739836674,9
diabetes,decision_tree,max_depth,recall,0.015220243845040185,0.12337035237462923,0.3225530702379256,0.12771683209067453,0.0,0.3225530702379256,0.9659678395956498,9
diabetes,decision_tree,max_depth,f1,0.017111955383414257,0.13081267287007883,0.30360734879978546,0.1590404422877495,0.0,0.30360734879978546,0.822512003792101,9
diabetes,decision_tree,max_depth,auc,0.00603189173024175,0.07766525433063198,0.21522250117898356,0.7222417876589986,0.5887206283721748,0.8039431295511583,0.10753359284619667,9
diabetes,decision_tree,min_samples_leaf,accuracy,0.0007806313290065223,0.027939780403691834,0.07549842030722298,0.8211351999128446,0.7737008388713368,0.8491992591785598,0.03402579795222196,6
diabetes,decision_tree,min_samples_leaf,precision,0.007525253245985085,0.08674821753779777,0.2348411637307563,0.4013032434709322,0.2867637745408486,0.5216049382716049,0.2161662507073189,6
diabetes,decision_tree,min_samples_leaf,recall,0.002910039705726726,0.0539447838602281,0.15401054281236642,0.24295958588592867,0.1685425274255592,0.3225530702379256,0.22203192215496934,6
diabetes,decision_tree,min_samples_leaf,f1,0.0004356517005959813,0.020872271093390418,0.06283255380155756,0.2915360398121266,0.2547647248842468,0.31759727868580434,0.07159413672093869,6
diabetes,decision_tree,min_samples_leaf,auc,0.0064372305895874365,0.08023235375824042,0.20200009679311626,0.6937861727258575,0.5887206283721748,0.790720725165291,0.11564420986225595,6
diabetes,decision_tree,min_samples_split,accuracy,0.0007709840607724281,0.027766599733716552,0.07336311145004903,0.8146929585648399,0.7737008388713368,0.8470639503213858,0.03408228761744804,6
diabetes,decision_tree,min_samples_split,precision,0.006724714471821912,0.08200435641977755,0.21323622545915139,0.3799987579101464,0.2867637745408486,0.5,0.21580164332844504,6
diabetes,decision_tree,min_samples_split,recall,0.0017716896119037491,0.04209144345236629,0.1196751674027639,0.26178942869354604,0.20287790283516172,0.3225530702379256,0.16078358726103892,6
diabetes,decision_tree,min_samples_split,f1,6.76612718498646e-05,0.008225647199452733,0.020856191412650216,0.30141413654591975,0.2886388973345495,0.3094950887471997,0.027290183843781245,6
diabetes,decision_tree,min_samples_split,auc,0.005512202628841762,0.07424420939603144,0.18657126964526094,0.678237476203804,0.5887206283721748,0.7752918980174357,0.10946639193632783,6
diabetes,knn,distance_metric,accuracy,2.3737733837589898e-08,0.00015407054824848876,0.0002178886588952711,0.8320949994552783,0.8319860551258307,0.832203943784726,0.00018515980549017758,2
diabetes,knn,distance_metric,precision,1.174164676565613e-06,0.001083588794961268,0.001532425969869744,0.40544940857722134,0.4046831955922865,0.40621562156215624,0.0026725622779022727,2
diabetes,knn,distance_metric,recall,6.495304169106321e-07,0.000805934499144088,0.001139763499073937,0.20985895426698958,0.20928907251745263,0.21042883601652657,0.0038403626948352713,2
diabetes,knn,distance_metric,f1,9.062374334667367e-07,0.0009519650379434828,0.0013462818675646915,0.2765675911168981,0.27589445018311576,0.27724073205068045,0.0034420701069819543,2
diabetes,knn,distance_metric,auc,8.457775128110545e-07,0.000919661629519822,0.001300597949261073,0.7088641458991096,0.7082138469244791,0.7095144448737402,0.0012973736009081697,2
diabetes,knn,n_neighbors,accuracy,0.0004206325486512862,0.020509328332524352,0.0693539601263754,0.8363220394378473,0.7813705196644515,0.8507244797908269,0.024523242680905742,11
diabetes,knn,n_neighbors,precision,0.007642541323630507,0.0874216296097854,0.2911082847667193,0.4625396506399309,0.2896609460025115,0.5807692307692308,0.18900353621324398,11
diabetes,knn,n_neighbors,recall,0.004319134805703522,0.06572012481503305,0.2097164838296054,0.16588739654703463,0.08605214418008263,0.295768628009688,0.3961731040633891,11
diabetes,knn,n_neighbors,f1,0.0026836159414180788,0.05180362865107114,0.14278839897221404,0.2291757275950309,0.14989452785705423,0.2926829268292683,0.22604326031686772,11
diabetes,knn,n_neighbors,auc,0.003970981360251712,0.06301572311932722,0.2121591632260742,0.7358758501569104,0.5824068986328922,0.7945660618589664,0.08563363386078021,11
diabetes,knn,weights,accuracy,3.0253504398678932e-05,0.005500318572471865,0.007778625122562333,0.8283146312234448,0.8244253186621636,0.832203943784726,0.006640373555091903,2
diabetes,knn,weights,precision,0.000563649328580327,0.023741300060871287,0.03357526853445336,0.38942798729492956,0.3726403530277029,0.40621562156215624,0.06096454501327621,2
diabetes,knn,weights,recall,1.8765339701058963e-05,0.0043318979328995,0.006126228807522449,0.2134919504202878,0.21042883601652657,0.21655506482404902,0.020290685079093488,2
diabetes,knn,weights,f1,5.502911883123276e-06,0.002345828613331178,0.0033175026399758223,0.2755819807306925,0.2739232294107046,0.27724073205068045,0.008512271401458561,2
diabetes,knn,weights,auc,2.6673052101079754e-05,0.005164596024964562,0.007303841742683059,0.7058625240023986,0.7022106031310571,0.7095144448737402,0.007316716569226747,2
diabetes,logistic_regression,C,accuracy,1.5144674188390963e-08,0.00012306369971844242,0.00030504412245346835,0.8506046410284345,0.8505501688637106,0.8508552129861641,0.0001446779076700671,6
diabetes,logistic_regression,C,precision,7.496758973413258e-06,0.00273802099579482,0.00685403386774841,0.5412014746769795,0.5399201596806387,0.5467741935483871,0.005059152873574541,6
diabetes,logistic_regression,C,recall,1.352985390308541e-05,0.0036782949722779725,0.009260578429975769,0.15227715249085813,0.1448924348197749,0.15415301324975067,0.024155265002731102,6
diabetes,logistic_regression,C,f1,1.824981630507452e-05,0.004271980372739852,0.0107516902812608,0.2376499391221287,0.22907985133460976,0.23983154161587056,0.017975937164218983,6
diabetes,logistic_regression,C,auc,2.4286451890289955e-10,1.558411110403476e-05,3.2711470421054045e-05,0.8101963513769062,0.8101851641468623,0.8102178756172833,1.9234980603837574e-05,6
diabetes,logistic_regression,penalty,accuracy,0.0,0.0,0.0,0.8505501688637106,0.8505501688637106,0.8505501688637106,0.0,2
diabetes,logistic_regression,penalty,precision,0.0,0.0,0.0,0.5399201596806387,0.5399201596806387,0.5399201596806387,0.0,2
diabetes,logistic_regression,penalty,recall,0.0,0.0,0.0,0.15415301324975067,0.15415301324975067,0.15415301324975067,0.0,2
diabetes,logistic_regression,penalty,f1,0.0,0.0,0.0,0.23983154161587056,0.23983154161587056,0.23983154161587056,0.0,2
diabetes,logistic_regression,penalty,auc,4.539448226449093e-15,6.737542746765391e-08,9.528324329544091e-08,0.8101859190833295,0.8101858714417078,0.8101859667249511,8.316045228715483e-08,2
diabetes,svm,C,accuracy,0.013056799999999986,0.11426635550327133,0.2559999999999999,0.7706,0.591,0.8469999999999999,0.14828231962531965,5
diabetes,svm,C,precision,0.015347240207734751,0.12388397881782273,0.2614831580315473,0.08785287057295467,0.0,0.2614831580315473,1.4101301187984194,5
diabetes,svm,C,recall,0.04507633816053655,0.21231188888174998,0.39215686274509803,0.1550326797385621,0.0,0.39215686274509803,1.3694653878122995,5
diabetes,svm,C,f1,0.02286982564548404,0.15122772776671625,0.3098082409475375,0.10867179995607532,0.0,0.3098082409475375,1.3916004688230237,5
diabetes,svm,C,auc,0.0066775478225784436,0.08171626412519385,0.20126783495767442,0.6532979913728576,0.5183739611547098,0.7196417961123842,0.12508268080462506,5
diabetes,svm,kernel,accuracy,1.2500000000000577e-05,0.003535533905932819,0.0050000000000001155,0.8494999999999999,0.8469999999999999,0.852,0.00416189983040944,2
diabetes,svm,kernel,precision,0.20051944759021156,0.4477939789570775,0.6332763181901113,0.31663815909505566,0.0,0.6332763181901113,1.4142135623730951,2
diabetes,svm,kernel,recall,0.0038352770302020585,0.06192961351568455,0.08758169934640522,0.04379084967320261,0.0,0.08758169934640522,1.4142135623730951,2
diabetes,svm,kernel,f1,0.01168087585258123,0.10807810070768838,0.1528455158163381,0.07642275790816905,0.0,0.1528455158163381,1.4142135623730951,2
diabetes,svm,kernel,auc,0.00011095833569208318,0.010533676266721092,0.014896867838044558,0.7270902300314065,0.7196417961123842,0.7345386639504288,0.01448744025382667,2
har_smartphone,decision_tree,criterion,accuracy,1.4392947501781117e-06,0.0011997061099194718,0.0016966406515099841,0.8532405836443842,0.8523922633186292,0.8540889039701391,0.0014060584235166766,2
har_smartphone,decision_tree,criterion,precision,3.4355088344474175e-07,0.0005861321382118044,0.0008289160192018752,0.8543223192862762,0.8539078612766753,0.8547367772958772,0.0006860784565496016,2
har_smartphone,decision_tree,criterion,recall,1.4392947501781117e-06,0.0011997061099194718,0.0016966406515099841,0.8532405836443842,0.8523922633186292,0.8540889039701391,0.0014060584235166766,2
har_smartphone,decision_tree,criterion,f1,2.7701713905055854e-06,0.0016643831862000965,0.002353793274909921,0.8523869018664882,0.8512100052290332,0.8535637985039431,0.0019526146900610089,2
har_smartphone,decision_tree,max_depth,accuracy,0.01703760736585844,0.13052818609732705,0.510688836104513,0.8079233118425517,0.3627417712928402,0.8734306073973532,0.1615601186202242,20
har_smartphone,decision_tree,max_depth,precision,0.03279047219692361,0.181081396606398,0.6547035744020011,0.7907397574319421,0.22206900047449615,0.8767725748764973,0.22900251935540678,20
har_smartphone,decision_tree,max_depth,recall,0.01703760736585844,0.13052818609732705,0.510688836104513,0.8079233118425517,0.3627417712928402,0.8734306073973532,0.1615601186202242,20
har_smartphone,decision_tree,max_depth,f1,0.02830030370181619,0.1682269410701395,0.6246937304859626,0.7924025900666016,0.24750676868501928,0.8722004991709819,0.21229983745509967,20
har_smartphone,decision_tree,min_samples_leaf,accuracy,3.138298875172669e-05,0.005602052191092715,0.022734984730234165,0.8646589752290466,0.8513742789277231,0.8741092636579573,0.006478915215803713,20
har_smartphone,decision_tree,min_samples_leaf,precision,3.330897845854448e-05,0.005771393112459459,0.02275675895622309,0.86588886258037,0.852008360455239,0.8747651194114621,0.006665281610460453,20
har_smartphone,decision_tree,min_samples_leaf,recall,3.138298875172669e-05,0.005602052191092715,0.022734984730234165,0.8646589752290466,0.8513742789277231,0.8741092636579573,0.006478915215803713,20
har_smartphone,decision_tree,min_samples_leaf,f1,3.186089031728418e-05,0.005644545182500019,0.022846141092849104,0.8638447097157265,0.8506882370791926,0.8735343781720417,0.0065342128266983575,20
har_smartphone,decision_tree,min_samples_split,accuracy,1.7338872429046827e-05,0.0041639971696732486,0.014591109602986152,0.8594645759291341,0.8506956226671191,0.8652867322701052,0.004844873525091726,19
har_smartphone,decision_tree,min_samples_split,precision,1.691955857178366e-05,0.0041133391024548,0.013986413278027854,0.8598420965665682,0.8512276371906405,0.8652140504686684,0.0047838307973984496,19
har_smartphone,decision_tree,min_samples_split,recall,1.7338872429046827e-05,0.0041639971696732486,0.014591109602986152,0.8594645759291341,0.8506956226671191,0.8652867322701052,0.004844873525091726,19
har_smartphone,decision_tree,min_samples_split,f1,1.7966172544999143e-05,0.004238652208544497,0.014947065636748302,0.8589084524817414,0.849961321907374,0.8649083875441222,0.0049349289744410815,19
har_smartphone,logistic_regression,C,accuracy,3.845795572476015e-05,0.006201447873259934,0.019341703427214085,0.9467254835425857,0.9341703427214116,0.9535120461486257,0.006550418237454131,7
har_smartphone,logistic_regression,C,precision,3.937675449806971e-05,0.006275089999200786,0.019743485712470643,0.948720157177171,0.9363545560895188,0.9560980418019894,0.00661426865628294,7
har_smartphone,logistic_regression,C,recall,3.845795572476015e-05,0.006201447873259934,0.019341703427214085,0.9467254835425857,0.9341703427214116,0.9535120461486257,0.006550418237454131,7
har_smartphone,logistic_regression,C,f1,3.86994124872239e-05,0.0062208851851825635,0.019461396725154567,0.9466167570737071,0.9340460366423501,0.9535074333675047,0.006571704059426641,7
har_smartphone,logistic_regression,penalty,accuracy,2.302871600285054e-05,0.004798824439677965,0.0067865626060400475,0.9501187648456058,0.9467254835425857,0.9535120461486257,0.005050762722761058,2
har_smartphone,logistic_regression,penalty,precision,2.2580989755496698e-05,0.004751945891474007,0.006720266327385649,0.9527379086382965,0.9493777754746038,0.9560980418019894,0.004987673785611974,2
har_smartphone,logistic_regression,penalty,recall,2.302871600285054e-05,0.004798824439677965,0.0067865626060400475,0.9501187648456058,0.9467254835425857,0.9535120461486257,0.005050762722761058,2
har_smartphone,logistic_regression,penalty,f1,2.2196000952407457e-05,0.0047112632013513595,0.006662732315260378,0.9501760672098745,0.9468447010522443,0.9535074333675047,0.004958305480357608,2
heart,decision_tree,criterion,accuracy,0.00017146776406035613,0.013094570021973083,0.01851851851851849,0.8055555555555556,0.7962962962962963,0.8148148148148148,0.016255328303139,2
heart,decision_tree,criterion,precision,0.0004058408616813199,0.02014549234149714,0.028490028490028574,0.754985754985755,0.7407407407407407,0.7692307692307693,0.026683274761756588,2
heart,decision_tree,criterion,recall,0.0,0.0,0.0,0.8333333333333334,0.8333333333333334,0.8333333333333334,0.0,2
heart,decision_tree,criterion,f1,0.00012302960399846298,0.011091871077436078,0.015686274509803977,0.7921568627450981,0.7843137254901961,0.8,0.014002114478941582,2
heart,decision_tree,max_depth,accuracy,0.0004367915673958559,0.02089955902395684,0.11111111111111116,0.7907407407407406,0.7222222222222222,0.8333333333333334,0.026430355674324814,20
heart,decision_tree,max_depth,precision,0.0014668663198432064,0.038299690858324256,0.23030303030303034,0.7408908524425766,0.6363636363636364,0.8666666666666667,0.05169410680676842,20
heart,decision_tree,max_depth,recall,0.004911366959064331,0.07008114553190702,0.375,0.8229166666666667,0.5416666666666666,0.9166666666666666,0.085161898367887,20
heart,decision_tree,max_depth,f1,0.0009346952862212153,0.030572786693744736,0.16352201257861643,0.776381705137941,0.6666666666666666,0.8301886792452831,0.039378551157787545,20
heart,decision_tree,min_samples_leaf,accuracy,0.0005153057540971774,0.022700347003893517,0.07407407407407407,0.836111111111111,0.7777777777777778,0.8518518518518519,0.027149916682397565,20
heart,decision_tree,min_samples_leaf,precision,0.00124878473204057,0.035338148395757385,0.13333333333333341,0.7906654337388972,0.7,0.8333333333333334,0.04469418655201659,20
heart,decision_tree,min_samples_leaf,recall,0.0018457602339181272,0.04296231178507655,0.16666666666666663,0.8625,0.75,0.9166666666666666,0.04981137598269744,20
heart,decision_tree,min_samples_leaf,f1,0.0005416740650792124,0.023273892349136883,0.06837606837606836,0.8238381507854579,0.7777777777777778,0.8461538461538461,0.028250563932912375,20
heart,decision_tree,min_samples_split,accuracy,7.821336606261858e-05,0.00884383209149849,0.01851851851851849,0.790448343079922,0.7777777777777778,0.7962962962962963,0.01118837450786369,19
heart,decision_tree,min_samples_split,precision,4.9718913173184294e-05,0.007051163958750661,0.016602809706257937,0.7314750182263792,0.7241379310344828,0.7407407407407407,0.009639651092730067,19
heart,decision_tree,min_samples_split,recall,0.0012487816764132568,0.03533810516161353,0.08333333333333337,0.8355263157894737,0.7916666666666666,0.875,0.04229442507531698,19
heart,decision_tree,min_samples_split,f1,0.0001997010872125006,0.014131563509127382,0.03245283018867928,0.7796343244348386,0.76,0.7924528301886793,0.01812588679875201,19
heart,knn,k,accuracy,0.00039666209419295887,0.019916377536915664,0.09259259259259256,0.8266666666666665,0.7777777777777778,0.8703703703703703,0.024092392181752822,25
heart,knn,k,precision,0.0010587168925128572,0.032537930058822995,0.12586206896551722,0.7851735465600533,0.7241379310344828,0.85,0.0414404308466273,25
heart,knn,k,recall,0.001921296296296296,0.04383259399460972,0.16666666666666663,0.8433333333333333,0.7083333333333334,0.875,0.0519754078987467,25
heart,knn,k,f1,0.0004965576453818579,0.022283573442826846,0.1071428571428571,0.8120053945400142,0.75,0.8571428571428571,0.027442642121177127,25
heart,knn,metric,accuracy,0.0010288065843621409,0.03207501495497923,0.05555555555555558,0.8518518518518517,0.8148148148148148,0.8703703703703703,0.0376532784254104,3
heart,knn,metric,precision,0.00015867768595041206,0.012596733145955425,0.021818181818181737,0.8327272727272726,0.8181818181818182,0.84,0.015127081288811102,3
heart,knn,metric,recall,0.005208333333333334,0.07216878364870323,0.125,0.8333333333333334,0.75,0.875,0.08660254037844388,3
heart,knn,metric,f1,0.0018517804097064115,0.043032318200468954,0.07453416149068315,0.8322981366459627,0.782608695652174,0.8571428571428571,0.051703009181160456,3
heart,knn,weights,accuracy,0.00017146776406035613,0.013094570021973083,0.01851851851851849,0.8611111111111112,0.8518518518518519,0.8703703703703703,0.015206597444871966,2
heart,knn,weights,precision,0.0014734693877551013,0.038385796692983996,0.05428571428571427,0.8128571428571428,0.7857142857142857,0.84,0.04722329997379402,2
heart,knn,weights,recall,0.000868055555555554,0.029462782549439452,0.04166666666666663,0.8958333333333333,0.875,0.9166666666666666,0.032888687497048694,2
heart,knn,weights,f1,6.037918125830171e-05,0.0077704041888631325,0.01098901098901095,0.8516483516483516,0.8461538461538461,0.8571428571428571,0.009123958466923163,2
heart,logistic_regression,C,accuracy,0.0028006401463191596,0.05292107468976003,0.12962962962962965,0.8302469135802469,0.7222222222222222,0.8518518518518519,0.06374136877130948,6
heart,logistic_regression,C,precision,0.002523222328417134,0.05023168649783853,0.12337662337662336,0.8142135642135643,0.7857142857142857,0.9090909090909091,0.061693502424460964,6
heart,logistic_regression,C,recall,0.040046296296296295,0.20011570727030972,0.49999999999999994,0.8194444444444443,0.4166666666666667,0.9166666666666666,0.2442089987027509,6
heart,logistic_regression,C,f1,0.012371582426527486,0.11122761539531217,0.27472527472527475,0.7982295482295482,0.5714285714285714,0.8461538461538461,0.1393428940860584,6
heart,logistic_regression,C,auc,5.5877057613169105e-05,0.007475095826353606,0.01666666666666672,0.8997685185185186,0.8916666666666666,0.9083333333333333,0.0083077988088108,6
heart,logistic_regression,penalty,accuracy,1.8488927466117464e-32,1.3597399555105182e-16,0.0,0.8518518518518517,0.8518518518518519,0.8518518518518519,1.5962164695123477e-16,3
heart,logistic_regression,penalty,precision,0.0,0.0,0.0,0.7857142857142857,0.7857142857142857,0.7857142857142857,0.0,3
heart,logistic_regression,penalty,recall,0.0,0.0,0.0,0.9166666666666666,0.9166666666666666,0.9166666666666666,0.0,3
heart,logistic_regression,penalty,f1,0.0,0.0,0.0,0.8461538461538461,0.8461538461538461,0.8461538461538461,0.0,3
heart,logistic_regression,penalty,auc,6.430041152263843e-07,0.0008018753738745094,0.001388888888888995,0.899074074074074,0.898611111111111,0.9,0.0008918902201693823,3
heart,svm,C,accuracy,0.01358677901887778,0.11656233962510266,0.2777777777777778,0.7142857142857143,0.5555555555555556,0.8333333333333334,0.16318727547514372,7
heart,svm,C,precision,0.13031149689243327,0.36098683756119593,0.8260869565217391,0.5209147562970651,0.0,0.8260869565217391,0.6929863921062237,7
heart,svm,C,recall,0.15591931216931218,0.3948661952729205,0.8333333333333334,0.5773809523809524,0.0,0.8333333333333334,0.6838919670706252,7
heart,svm,C,f1,0.14081984815215054,0.3752597076054803,0.8085106382978723,0.5466838039912874,0.0,0.8085106382978723,0.686429165937868,7
heart,svm,kernel,accuracy,0.00031435756744398793,0.01773013162511739,0.03703703703703709,0.8379629629629629,0.8148148148148148,0.8518518518518519,0.021158610116162192,4
heart,svm,kernel,precision,0.000401782453064504,0.02004451179411721,0.038461538461538436,0.7905982905982907,0.7692307692307693,0.8076923076923077,0.02535359870174825,4
heart,svm,kernel,recall,0.00043402777777777694,0.020833333333333315,0.04166666666666663,0.8645833333333334,0.8333333333333334,0.875,0.02409638554216865,4
heart,svm,kernel,f1,0.0003580161476355235,0.018921314638140858,0.039999999999999925,0.8258823529411765,0.8,0.84,0.02291042370715061,4
mammogram,decision_tree,criterion,accuracy,2.610488944579328e-05,0.005109294417607315,0.008849557522123908,0.616519174041298,0.6106194690265486,0.6194690265486725,0.008287324438128612,3
mammogram,decision_tree,criterion,precision,2.002434960912455e-06,0.001415074189190254,0.002450980392156854,0.6266339869281046,0.625,0.6274509803921569,0.0022582148729711486,3
mammogram,decision_tree,criterion,recall,0.0004251700680272105,0.020619652471058052,0.0357142857142857,0.5595238095238095,0.5357142857142857,0.5714285714285714,0.036852144841890984,3
mammogram,decision_tree,criterion,f1,0.00014992308743190592,0.012244308368866978,0.02120776419841841,0.5910615863886891,0.5769230769230769,0.5981308411214953,0.020715791130460938,3
mammogram,decision_tree,criterion,auc,7.360977632050419e-06,0.00271311216724455,0.00469924812030087,0.6271929824561403,0.6256265664160401,0.630325814536341,0.004325801217704597,3
mammogram,decision_tree,max_depth,accuracy,0.00453137372629894,0.06731547909878485,0.17699115044247793,0.6912487708947886,0.6106194690265486,0.7876106194690266,0.09738242139895333,9
mammogram,decision_tree,max_depth,precision,0.007806358063782772,0.08835359677898105,0.19499999999999995,0.7259863294320098,0.625,0.82,0.12170146075354654,9
mammogram,decision_tree,max_depth,recall,0.005084325396825396,0.07130445565899368,0.2142857142857142,0.6111111111111112,0.5178571428571429,0.7321428571428571,0.11668001835108056,9
mammogram,decision_tree,max_depth,f1,0.0051975919633022154,0.07209432684547526,0.20495745467998527,0.6624059148027226,0.5686274509803921,0.7735849056603774,0.10883708196800501,9
mammogram,decision_tree,max_depth,auc,0.005351008163858545,0.07315058553325834,0.17481203007518797,0.7071498189919242,0.6203007518796992,0.7951127819548872,0.10344425405855014,9
mammogram,decision_tree,min_samples_leaf,accuracy,0.006121596575038508,0.07824063250663627,0.19469026548672574,0.7271386430678466,0.6106194690265486,0.8053097345132744,0.10760070758519145,6
mammogram,decision_tree,min_samples_leaf,precision,0.006136274005234926,0.0783343730761594,0.20192307692307687,0.7434071236831814,0.625,0.8269230769230769,0.10537210443727633,6
mammogram,decision_tree,min_samples_leaf,recall,0.011405187074829933,0.10679507046128081,0.2321428571428572,0.6815476190476191,0.5357142857142857,0.7678571428571429,0.1566949505458094,6
mammogram,decision_tree,min_samples_leaf,f1,0.00848022347249593,0.09208812883589247,0.2193732193732194,0.7101574776071504,0.5769230769230769,0.7962962962962963,0.12967282854808493,6
mammogram,decision_tree,min_samples_leaf,auc,0.005867717441316314,0.0766010276779386,0.19830827067669154,0.7610432330827068,0.630325814536341,0.8286340852130325,0.10065266248759082,6
mammogram,decision_tree,min_samples_split,accuracy,0.005012138773592296,0.07079646017699116,0.17699115044247793,0.7079646017699114,0.6106194690265486,0.7876106194690266,0.10000000000000003,6
mammogram,decision_tree,min_samples_split,precision,0.005505266404442425,0.07419748246701113,0.19499999999999995,0.7231167279048635,0.625,0.82,0.1026078910966265,6
mammogram,decision_tree,min_samples_split,recall,0.009874574829931971,0.09937089528595368,0.1964285714285714,0.6636904761904762,0.5357142857142857,0.7321428571428571,0.14972475702278223,6
mammogram,decision_tree,min_samples_split,f1,0.00701484039911857,0.08375464404508308,0.19666182873730054,0.6906930257490825,0.5769230769230769,0.7735849056603774,0.12126174859554724,6
mammogram,decision_tree,min_samples_split,auc,0.004638345845032374,0.06810540246582773,0.18029448621553879,0.7342575187969924,0.630325814536341,0.8106203007518797,0.09275410972626011,6
mammogram,knn,distance_metric,accuracy,0.0006265173466990348,0.025030328537576862,0.03539823008849552,0.7345132743362832,0.7168141592920354,0.7522123893805309,0.03407743523790585,2
mammogram,knn,distance_metric,precision,0.0006858710562414286,0.026189140043946242,0.03703703703703709,0.7407407407407407,0.7222222222222222,0.7592592592592593,0.03535533905932743,2
mammogram,knn,distance_metric,recall,0.0006377551020408157,0.025253813613805257,0.0357142857142857,0.7142857142857142,0.6964285714285714,0.7321428571428571,0.03535533905932736,2
mammogram,knn,distance_metric,f1,0.0006611570247933889,0.02571297386132901,0.036363636363636376,0.7272727272727273,0.7090909090909091,0.7454545454545455,0.03535533905932739,2
mammogram,knn,distance_metric,auc,1.4182150237749725e-05,0.0037659195739885,0.005325814536340845,0.774279448621554,0.7716165413533835,0.7769423558897244,0.0048637731257015135,2
mammogram,knn,n_neighbors,accuracy,0.0016987163513907967,0.041215486790656695,0.1504424778761062,0.7337087691069992,0.6283185840707964,0.7787610619469026,0.05617417772016038,11
mammogram,knn,n_neighbors,precision,0.0014608981262986848,0.03822169706199196,0.1346153846153847,0.7278133724286363,0.6346153846153846,0.7692307692307693,0.05251579389706759,11
mammogram,knn,n_neighbors,recall,0.004609230055658627,0.06789131060495611,0.2321428571428571,0.7386363636363636,0.5892857142857143,0.8214285714285714,0.09191438974209443,11
mammogram,knn,n_neighbors,f1,0.0022726046479558935,0.04767184334547903,0.17521367521367515,0.732283085589901,0.6111111111111112,0.7863247863247863,0.06510029288342269,11
mammogram,knn,n_neighbors,auc,0.00388526541419052,0.062331897245234885,0.2069235588972429,0.788818637502848,0.6279761904761906,0.8348997493734335,0.07901930086560593,11
mammogram,knn,weights,accuracy,0.0009789333542172432,0.0312879106719711,0.04424778761061943,0.6946902654867257,0.672566371681416,0.7168141592920354,0.04503864848321954,2
mammogram,knn,weights,precision,0.0015432098765432113,0.039283710065919325,0.05555555555555558,0.6944444444444444,0.6666666666666666,0.7222222222222222,0.05656854249492383,2
mammogram,knn,weights,recall,0.00015943877551020296,0.01262690680690259,0.017857142857142794,0.6875,0.6785714285714286,0.6964285714285714,0.01836640990094922,2
mammogram,knn,weights,f1,0.0006670209164887315,0.02582674808195433,0.03652453740949313,0.6908286403861625,0.672566371681416,0.7090909090909091,0.037385172779631104,2
mammogram,knn,weights,auc,0.0072361354514104805,0.08506547743597564,0.12030075187969924,0.7114661654135339,0.6513157894736843,0.7716165413533835,0.11956363010816126,2
mammogram,logistic_regression,C,accuracy,0.0002274854651704843,0.015082621296395541,0.03539823008849563,0.7724399494310997,0.7522123893805309,0.7876106194690266,0.01952594671922893,7
mammogram,logistic_regression,C,precision,0.0003735963647165268,0.019328641046812547,0.03995157384987891,0.7666464891041161,0.7457627118644068,0.7857142857142857,0.02521193447243137,7
mammogram,logistic_regression,C,recall,0.00019740038872691893,0.014049924865525755,0.0357142857142857,0.7780612244897959,0.75,0.7857142857142857,0.01805760835175769,7
mammogram,logistic_regression,C,f1,0.00019285360647094342,0.013887174171549208,0.0357142857142857,0.7722049689440994,0.75,0.7857142857142857,0.0179837928141518,7
mammogram,logistic_regression,C,auc,0.0001031097704878016,0.010154298128763091,0.02506265664160401,0.8406059792337988,0.8215852130325815,0.8466478696741855,0.012079735785389725,7
mammogram,logistic_regression,penalty,accuracy,0.00015662933667475967,0.012515164268788471,0.017699115044247815,0.7787610619469026,0.7699115044247787,0.7876106194690266,0.01607060866333065,2
mammogram,logistic_regression,penalty,precision,0.00015943877551020296,0.01262690680690259,0.017857142857142794,0.7767857142857143,0.7678571428571429,0.7857142857142857,0.016255328303138965,2
mammogram,logistic_regression,penalty,recall,0.00015943877551020296,0.01262690680690259,0.017857142857142794,0.7767857142857143,0.7678571428571429,0.7857142857142857,0.016255328303138965,2
mammogram,logistic_regression,penalty,f1,0.00015943877551020296,0.01262690680690259,0.017857142857142794,0.7767857142857143,0.7678571428571429,0.7857142857142857,0.016255328303138965,2
mammogram,logistic_regression,penalty,auc,0.0,0.0,0.0,0.8466478696741855,0.8466478696741855,0.8466478696741855,0.0,2
mammogram,svm,C,accuracy,0.00029492764683600626,0.01717345762611613,0.04247787610619458,0.7691213653603033,0.7446902654867257,0.7871681415929203,0.022328670609834168,5
mammogram,svm,C,precision,0.0036479075774579115,0.060397910373272946,0.14499991191445127,0.7844276956459151,0.7044359562006621,0.8494358681151134,0.07699614726573362,5
mammogram,svm,C,recall,0.004383928571428566,0.06621124203206406,0.15714285714285703,0.7528571428571429,0.6785714285714286,0.8357142857142856,0.08794662129496175,5
mammogram,svm,C,f1,0.00011966058410249485,0.010938948034545865,0.02719849524676443,0.7619684309534026,0.7513788999083116,0.7785773951550761,0.014356169613035877,5
mammogram,svm,C,auc,9.129518068421902e-05,0.009554851159710392,0.023210929108485434,0.8352318295739348,0.8205234067311136,0.843734335839599,0.01143975938343307,5
mammogram,svm,kernel,accuracy,0.00026434010002701006,0.016258539295613553,0.022993046776232595,0.7632822376738306,0.7517857142857143,0.7747787610619469,0.021300822281889953,2
mammogram,svm,kernel,precision,0.004379631538754391,0.06617878465758034,0.09359093480411862,0.7805552977747929,0.7337598303727336,0.8273507651768522,0.08478423610248091,2
mammogram,svm,kernel,recall,0.0043112244897959085,0.06565991539589362,0.09285714285714275,0.7392857142857142,0.6928571428571428,0.7857142857142856,0.08881534449686095,2
mammogram,svm,kernel,f1,2.12175005856469e-05,0.004606245823406183,0.006514215315085448,0.7546360075658544,0.7513788999083116,0.7578931152233971,0.006103930606576857,2
mammogram,svm,kernel,auc,2.9542119489972e-07,0.0005435266275903325,0.0007686627282491587,0.8426473549946294,0.8422630236305049,0.843031686358754,0.000645022647218535,2
obesity,decision_tree,criterion,accuracy,0.0006887052341597784,0.026243194054073875,0.045454545454545414,0.956140350877193,0.9258373205741627,0.9712918660287081,0.02744701029508644,3
obesity,decision_tree,criterion,precision,0.0006776245415885484,0.026031222437460526,0.045087399844808584,0.9566765851840945,0.9266183186208888,0.9717057184656974,0.027210054934553776,3
obesity,decision_tree,criterion,recall,0.0006887052341597784,0.026243194054073875,0.045454545454545414,0.956140350877193,0.9258373205741627,0.9712918660287081,0.02744701029508644,3
obesity,decision_tree,criterion,f1,0.0006847779702696415,0.026168262652870967,0.04532476046057965,0.9561175334305819,0.9259010264568622,0.9712257869174419,0.027369294817738945,3
obesity,decision_tree,criterion,auc,0.00023054574783972883,0.015183733000804804,0.026298997005954172,0.9744385841147883,0.9569059194441523,0.9832049164501064,0.015582031795875776,3
obesity,decision_tree,max_depth,accuracy,0.05077722579611273,0.2253380256328539,0.6363636363636364,0.7695374800637959,0.2894736842105263,0.9258373205741627,0.2928226778690143,9
obesity,decision_tree,max_depth,precision,0.09123429703040678,0.3020501564813479,0.8288203936568415,0.7266347193551836,0.09779792496404736,0.9266183186208888,0.41568362815003873,9
obesity,decision_tree,max_depth,recall,0.05077722579611273,0.2253380256328539,0.6363636363636364,0.7695374800637959,0.2894736842105263,0.9258373205741627,0.2928226778690143,9
obesity,decision_tree,max_depth,f1,0.07923619717564227,0.28148924877451764,0.7830009263377775,0.7355733142488213,0.1429001001190847,0.9259010264568622,0.3826800718864832,9
obesity,decision_tree,max_depth,auc,0.006710772300102757,0.08191930358653421,0.2496818068858676,0.9191174090796372,0.7270232042178454,0.976705011103713,0.08912822537935007,9
obesity,decision_tree,min_samples_leaf,accuracy,0.0018896469097929706,0.04347006912569809,0.11961722488038284,0.9094896331738438,0.8229665071770335,0.9425837320574163,0.047796112830885924,6
obesity,decision_tree,min_samples_leaf,precision,0.0016178941768512766,0.04022305528986177,0.11130406536456328,0.9118567815583916,0.8324889332692241,0.9437929986337874,0.04411115440861153,6
obesity,decision_tree,min_samples_leaf,recall,0.0018896469097929706,0.04347006912569809,0.11961722488038284,0.9094896331738438,0.8229665071770335,0.9425837320574163,0.047796112830885924,6
obesity,decision_tree,min_samples_leaf,f1,0.0021104163361051463,0.045939267909982484,0.12541950584931028,0.9081364017931816,0.8164519209581664,0.9418714268074767,0.05058630820135835,6
obesity,decision_tree,min_samples_leaf,auc,0.00014914271901615703,0.012212400215197544,0.032309878767258104,0.9792426083468331,0.9569059194441523,0.9892157982114104,0.012471271277517874,6
obesity,decision_tree,min_samples_split,accuracy,0.0016750227024717082,0.04092704121325787,0.10526315789473684,0.9106858054226477,0.8277511961722488,0.9330143540669856,0.0449409016474828,6
obesity,decision_tree,min_samples_split,precision,0.0015601971679464015,0.039499331234166504,0.1014108412179009,0.9115551873627276,0.8315257281689945,0.9329365693868954,0.0433318045706528,6
obesity,decision_tree,min_samples_split,recall,0.0016750227024717082,0.04092704121325787,0.10526315789473684,0.9106858054226477,0.8277511961722488,0.9330143540669856,0.0449409016474828,6
obesity,decision_tree,min_samples_split,f1,0.0018341758563462929,0.04282727934793772,0.10961076512238732,0.909744792888794,0.8228593438873331,0.9324701090097204,0.047076146720163616,6
obesity,decision_tree,min_samples_split,auc,6.029211749660309e-05,0.0077647999006157965,0.020672582851183896,0.9718923313867266,0.9569059194441523,0.9775785022953362,0.007989362247088353,6
obesity,knn,distance_metric,accuracy,0.0004836198804972412,0.021991359223505064,0.031100478468899517,0.8241626794258373,0.8086124401913876,0.8397129186602871,0.02668327476175651,2
obesity,knn,distance_metric,precision,0.000613185371560914,0.024762580066723945,0.035019576569710664,0.8166600521678253,0.79915026388297,0.8341698404526806,0.030321772200062484,2
obesity,knn,distance_metric,recall,0.0004836198804972412,0.021991359223505064,0.031100478468899517,0.8241626794258373,0.8086124401913876,0.8397129186602871,0.02668327476175651,2
obesity,knn,distance_metric,f1,0.0007679264921041783,0.027711486645508182,0.039189960247598576,0.813587555738807,0.7939925756150078,0.8331825358626064,0.03406085362299302,2
obesity,knn,distance_metric,auc,0.00017884063373280139,0.013373131037001072,0.01891246328391949,0.9546473787759197,0.9451911471339599,0.9641036104178794,0.014008451009574385,2
obesity,knn,n_neighbors,accuracy,0.0017156408756875783,0.04142029545630473,0.1411483253588517,0.7698999565028273,0.6866028708133971,0.8277511961722488,0.053799581499460215,11
obesity,knn,n_neighbors,precision,0.0017668605791725303,0.04203404071907114,0.14747920324202612,0.7605923154336997,0.677154163976728,0.8246333672187541,0.05526487694672905,11
obesity,knn,n_neighbors,recall,0.0017156408756875783,0.04142029545630473,0.1411483253588517,0.7698999565028273,0.6866028708133971,0.8277511961722488,0.053799581499460215,11
obesity,knn,n_neighbors,f1,0.002122641675403156,0.04607213556373479,0.15811897692609378,0.7527953483942343,0.6620673753740443,0.820186352300138,0.06120140840669368,11
obesity,knn,n_neighbors,auc,0.00020293819859397997,0.014245637879504728,0.05048446299164133,0.9397072496955888,0.8999235520449818,0.9504080150366231,0.015159655184228382,11
obesity,knn,weights,accuracy,2.5754904878551186e-05,0.005074929051578079,0.0071770334928229484,0.812200956937799,0.8086124401913876,0.8157894736842105,0.006248366254962112,2
obesity,knn,weights,precision,7.711378294249177e-05,0.008781445378893601,0.012418839152069872,0.8053596834590049,0.79915026388297,0.8115691030350398,0.01090375587362091,2
obesity,knn,weights,recall,2.5754904878551186e-05,0.005074929051578079,0.0071770334928229484,0.812200956937799,0.8086124401913876,0.8157894736842105,0.006248366254962112,2
obesity,knn,weights,f1,5.297032016576852e-05,0.0072780711844394955,0.01029274697695115,0.7991389491034834,0.7939925756150078,0.804285322591959,0.009107391389950925,2
obesity,knn,weights,auc,5.352164486953765e-06,0.0023134745485856906,0.0032717470828148576,0.9468270206753673,0.9451911471339599,0.9484628942167748,0.002443397260605744,2
obesity,logistic_regression,C,accuracy,0.025659707119037267,0.16018647608033978,0.39234449760765555,0.7986443381180224,0.569377990430622,0.9617224880382775,0.2005729815324474,6
obesity,logistic_regression,C,precision,0.02660206001960283,0.16310137957602575,0.3795028783437743,0.7949895545867055,0.5833142135162398,0.9628170918600141,0.20516166361559043,6
obesity,logistic_regression,C,recall,0.025659707119037267,0.16018647608033978,0.39234449760765555,0.7986443381180224,0.569377990430622,0.9617224880382775,0.2005729815324474,6
obesity,logistic_regression,C,f1,0.03239547871932095,0.1799874404488295,0.4408871505710201,0.7828765907371142,0.5209285711127429,0.9618157216837631,0.2299052527287386,6
obesity,logistic_regression,C,auc,0.0023763017397846935,0.04874732546288764,0.11758768538324404,0.9535214600834335,0.8782785451958082,0.9958662305790522,0.051123469689525636,6
obesity,logistic_regression,penalty,accuracy,0.0017885350610105035,0.04229107542981738,0.05980861244019131,0.9222488038277512,0.8923444976076556,0.9521531100478469,0.04585647089406917,2
obesity,logistic_regression,penalty,precision,0.0017675767849951547,0.0420425592108182,0.05945715743281299,0.9236121332492611,0.8938835545328545,0.9533407119656675,0.04551971298050489,2
obesity,logistic_regression,penalty,recall,0.0017885350610105035,0.04229107542981738,0.05980861244019131,0.9222488038277512,0.8923444976076556,0.9521531100478469,0.04585647089406917,2
obesity,logistic_regression,penalty,f1,0.0019266500049259958,0.04389362146059488,0.06207495477124403,0.9211252819138219,0.8900878045281999,0.9521627592994439,0.04765217318690581,2
obesity,logistic_regression,penalty,auc,6.106804061273321e-05,0.007814604315813642,0.011051519408002974,0.9909116733075725,0.985385913603571,0.996437433011574,0.007886277381039633,2
obesity,svm,C,accuracy,0.01577897777777778,0.12561440115598918,0.29533333333333334,0.8838666666666667,0.6699999999999999,0.9653333333333333,0.14211917463718793,5
obesity,svm,C,precision,0.01580247113001018,0.12570788014285414,0.29534133323045564,0.8855194337011506,0.6712730968465869,0.9666144300770425,0.1419594820380629,5
obesity,svm,C,recall,0.01577897777777778,0.12561440115598918,0.29533333333333334,0.8838666666666667,0.6699999999999999,0.9653333333333333,0.14211917463718793,5
obesity,svm,C,f1,0.017930873174067954,0.13390621036407518,0.3146514786173674,0.8794276174675085,0.6505569654501036,0.965208444067471,0.15226518670142003,5
obesity,svm,C,auc,0.000516087548130277,0.022717560347235287,0.05294893665978695,0.9853326970119026,0.9456452613273048,0.9985941979870917,0.023055725661117348,5
obesity,svm,kernel,accuracy,0.003872000000000007,0.06222539674441624,0.08800000000000008,0.9059999999999999,0.8619999999999999,0.95,0.06868145336028283,2
obesity,svm,kernel,precision,0.003616440103418247,0.060136844807640574,0.08504634152529134,0.9098882903744681,0.8673651196118224,0.9524114611371137,0.06609255822260447,2
obesity,svm,kernel,recall,0.003872000000000007,0.06222539674441624,0.08800000000000008,0.9059999999999999,0.8619999999999999,0.95,0.06868145336028283,2
obesity,svm,kernel,f1,0.003787451596801022,0.06154227487508909,0.08703391978764397,0.9062777215592795,0.8627607616654576,0.9497946814531015,0.06790663988650593,2
obesity,svm,kernel,auc,8.245742364560899e-05,0.009080607008653607,0.01284191758621811,0.9907724366592123,0.9843514778661033,0.9971933954523214,0.009165179280998697,2
smartphone_har,knn,distance_metric,accuracy,0.00015567412017926925,0.012476943543162694,0.0176450627757041,0.8931116389548693,0.8842891075670173,0.9019341703427214,0.013970194765083762,2
smartphone_har,knn,distance_metric,precision,0.00014552870457526217,0.012063527866062322,0.0170604047182511,0.900554199036866,0.8920239966777403,0.9090844013959914,0.013395671108928423,2
smartphone_har,knn,distance_metric,recall,0.00015567412017926925,0.012476943543162694,0.0176450627757041,0.8931116389548693,0.8842891075670173,0.9019341703427214,0.013970194765083762,2
smartphone_har,knn,distance_metric,f1,0.00014981866212034365,0.012240043387192043,0.017310035362202103,0.8920195862960985,0.8833645686149975,0.9006746039771996,0.013721720436673307,2
smartphone_har,knn,distance_metric,auc,1.6401276851632806e-05,0.004049848991213476,0.005727351368937095,0.9790977120251676,0.976234036340699,0.9819613877096361,0.004136307277071213,2
smartphone_har,knn,n_neighbors,accuracy,0.00013558284483989396,0.011644004673646175,0.03936206311503232,0.8840176450627757,0.8547675602307431,0.8941296233457754,0.013171688075094149,10
smartphone_har,knn,n_neighbors,precision,0.0001637774558885026,0.012797556637440704,0.04124374995359725,0.8928161284476899,0.8605966936515107,0.901840443605108,0.01433392187895552,10
smartphone_har,knn,n_neighbors,recall,0.00013558284483989396,0.011644004673646175,0.03936206311503232,0.8840176450627757,0.8547675602307431,0.8941296233457754,0.013171688075094149,10
smartphone_har,knn,n_neighbors,f1,0.00013160894424433302,0.011472094152522155,0.03902576145900638,0.8829395218997386,0.8542229251426592,0.8932486866016656,0.012993069024522451,10
smartphone_har,knn,n_neighbors,auc,0.0006007540643193279,0.024510284868179886,0.08046271708116148,0.9777018157143754,0.9125588484856313,0.9930215655667928,0.02506928439144915,10
smartphone_har,knn,weights,accuracy,9.211486401141121e-07,0.0009597648879356403,0.001357312521208076,0.8849677638276213,0.8842891075670173,0.8856464200882254,0.0010845196030469064,2
smartphone_har,knn,weights,precision,5.006777149224556e-07,0.0007075858357276915,0.0010006774854292022,0.892524335420455,0.8920239966777403,0.8930246741631696,0.0007927916446046912,2
smartphone_har,knn,weights,recall,9.211486401141121e-07,0.0009597648879356403,0.001357312521208076,0.8849677638276213,0.8842891075670173,0.8856464200882254,0.0010845196030469064,2
smartphone_har,knn,weights,f1,9.225573594010401e-07,0.0009604984952622466,0.0013583499986388192,0.8840437436143169,0.8833645686149975,0.8847229186136363,0.0010864829961188943,2
smartphone_har,knn,weights,auc,6.731632574396057e-08,0.0002594538990725724,0.000366923222879012,0.9764174979521385,0.976234036340699,0.9766009595635781,0.0002657202473498587,2
smartphone_har,svm,C,accuracy,0.009068673818848523,0.0952295847877566,0.2192059721750933,0.9047166610111977,0.7356633864947404,0.9548693586698337,0.10525901521623236,5
smartphone_har,svm,C,precision,0.0035199899900046423,0.059329503537486665,0.13831226359415327,0.9219726907708102,0.817925764860029,0.9562380284541823,0.06435060835466239,5
smartphone_har,svm,C,recall,0.009068673818848523,0.0952295847877566,0.2192059721750933,0.9047166610111977,0.7356633864947404,0.9548693586698337,0.10525901521623236,5
smartphone_har,svm,C,f1,0.01425627298779251,0.11939963562671584,0.27360967477379483,0.8935534709835352,0.6810322351339916,0.9546419099077864,0.1336233806973997,5
smartphone_har,svm,C,auc,4.04774719454814e-05,0.006362190813350492,0.014572730671036371,0.9944625572217001,0.9831384572551694,0.9977111879262057,0.0063976172528053665,5
smartphone_har,svm,kernel,accuracy,0.0002946524212564719,0.01716544264668033,0.031557516118086215,0.9446895147607736,0.9250084832032576,0.9565659993213438,0.01817045958324962,3
smartphone_har,svm,kernel,precision,0.00023949907256166821,0.015475757576340753,0.02893919045932325,0.9465895096183928,0.928950798505112,0.9578899889644352,0.01634896374731602,3
smartphone_har,svm,kernel,recall,0.0002946524212564719,0.01716544264668033,0.031557516118086215,0.9446895147607736,0.9250084832032576,0.9565659993213438,0.01817045958324962,3
smartphone_har,svm,kernel,f1,0.0003079691594520433,0.017549050101132065,0.032190237901187135,0.9442980650088982,0.9241649471554533,0.9563551850566404,0.01858422753515512,3
smartphone_har,svm,kernel,auc,5.639725882063687e-06,0.0023748107044696608,0.004151731503758249,0.9962371214101289,0.9934952958841295,0.9976470273878878,0.0023837805813822946,3
sms_spam,decision_tree,criterion,accuracy,2.0030847505158012e-05,0.00447558348209013,0.007751937984496138,0.9625322997416021,0.9573643410852714,0.9651162790697675,0.0046498008256882686,3
sms_spam,decision_tree,criterion,precision,0.0007645101769811621,0.027649777159701704,0.047890818858560835,0.8550041356492969,0.823076923076923,0.8709677419354839,0.03233876423147854,3
sms_spam,decision_tree,criterion,recall,2.0345052083333332e-05,0.004510548978043951,0.0078125,0.8411458333333334,0.8359375,0.84375,0.005362386401142035,3
sms_spam,decision_tree,criterion,f1,0.00025549550389231926,0.015984226721750393,0.027685492801771794,0.8479143595422665,0.8294573643410853,0.8571428571428571,0.018851227770666876,3
sms_spam,decision_tree,criterion,auc,4.446925679279339e-05,0.00666852733313686,0.011550228152654829,0.9052345478429205,0.8975343957411505,0.9090846238938053,0.007366629288538827,3
sms_spam,decision_tree,max_depth,accuracy,0.0005626894584326536,0.02372107624945912,0.06879844961240311,0.9336778639104222,0.8885658914728682,0.9573643410852714,0.02540606044799081,9
sms_spam,decision_tree,max_depth,precision,0.004970428117574794,0.07050126323389386,0.25724637681159424,0.831381664419686,0.6666666666666666,0.9239130434782609,0.08480011798564809,9
sms_spam,decision_tree,max_depth,recall,0.0424346923828125,0.20599682614742515,0.6328125,0.5703125,0.203125,0.8359375,0.36119991434069065,9
sms_spam,decision_tree,max_depth,f1,0.030244201370833723,0.1739086006235279,0.5180801188321033,0.6609988356038069,0.31137724550898205,0.8294573643410853,0.2630997079815829,9
sms_spam,decision_tree,max_depth,auc,0.008712130268249884,0.0933387929440374,0.3031621612278762,0.7671906687868731,0.5943722345132743,0.8975343957411505,0.12166309724755929,9
sms_spam,decision_tree,min_samples_leaf,accuracy,0.00016563007030827534,0.012869734663475985,0.0339147286821706,0.945736434108527,0.9234496124031008,0.9573643410852714,0.013608162062200018,6
sms_spam,decision_tree,min_samples_leaf,precision,0.0024260755263778933,0.04925520811424811,0.15386996904024763,0.8307548904898643,0.7578947368421053,0.9117647058823529,0.05928969985985181,6
sms_spam,decision_tree,min_samples_leaf,recall,0.008487955729166666,0.09213010218797474,0.2734375,0.7057291666666666,0.5625,0.8359375,0.13054597505602325,6
sms_spam,decision_tree,min_samples_leaf,f1,0.0044096966217258855,0.06640554661868153,0.18371745402718398,0.7611953864891197,0.6457399103139013,0.8294573643410853,0.08723850380250658,6
sms_spam,decision_tree,min_samples_leaf,auc,0.0005385831879490242,0.023207395113390563,0.052362762721238965,0.9102664373617255,0.8831409015486725,0.9355036642699115,0.025495167305798743,6
sms_spam,decision_tree,min_samples_split,accuracy,9.013881377321108e-06,0.003002312671478623,0.007751937984496138,0.9544573643410853,0.9496124031007752,0.9573643410852714,0.003145570230422273,6
sms_spam,decision_tree,min_samples_split,precision,0.0006978446586728583,0.02641674958568632,0.07511028558161137,0.8128729874609228,0.7808219178082192,0.8559322033898306,0.03249800398485532,6
sms_spam,decision_tree,min_samples_split,recall,0.001287841796875,0.035886512743299535,0.1015625,0.82421875,0.7890625,0.890625,0.04354003441841081,6
sms_spam,decision_tree,min_samples_split,f1,0.0001604895014877387,0.012668445109315456,0.033667175918067116,0.8176977953930082,0.7984496124031008,0.8321167883211679,0.015492820429125226,6
sms_spam,decision_tree,min_samples_split,auc,0.0007287020105338069,0.026994481112512736,0.06966433904867253,0.9083104316463864,0.8794420630530974,0.9491064021017699,0.02971944411513919,6
sms_spam,knn,distance_metric,accuracy,0.0007511567814434213,0.027407239580873904,0.03875968992248058,0.8992248062015504,0.8798449612403101,0.9186046511627907,0.030478740568385634,2
sms_spam,knn,distance_metric,precision,0.01050199537912203,0.10247924365022426,0.14492753623188404,0.9057971014492754,0.8333333333333334,0.9782608695652174,0.11313708498984758,2
sms_spam,knn,distance_metric,recall,0.048828125,0.2209708691207961,0.3125,0.1953125,0.0390625,0.3515625,1.131370849898476,2
sms_spam,knn,distance_metric,f1,0.09795380384181283,0.31297572404551255,0.4426145136387031,0.2959341224909933,0.07462686567164178,0.5172413793103449,1.0575857944703144,2
sms_spam,knn,distance_metric,auc,0.04639748977470233,0.2154007654923778,0.30462268390486724,0.6785791447732301,0.5262678028207965,0.8308904867256638,0.31742909747743747,2
sms_spam,knn,n_neighbors,accuracy,0.000639200277518287,0.025282410437264227,0.07848837209302328,0.9009866102889358,0.875968992248062,0.9544573643410853,0.028060805952661666,11
sms_spam,knn,n_neighbors,precision,0.1586448806219562,0.39830249888992186,1.0,0.8050053549070082,0.0,1.0,0.4947824215851739,11
sms_spam,knn,n_neighbors,recall,0.045060591264204544,0.2122748012935227,0.6640625,0.20738636363636365,0.0,0.6640625,1.0235716445934244,11
sms_spam,knn,n_neighbors,f1,0.06992303393207108,0.2644296389062147,0.783410138248848,0.2988082759754829,0.0,0.783410138248848,0.8849475070359533,11
sms_spam,knn,n_neighbors,auc,0.00024924589736714006,0.015787523471625944,0.0453323769358408,0.8160142108306516,0.7889371888827433,0.8342695658185841,0.019347118300250224,11
sms_spam,knn,weights,accuracy,7.934093503996182e-05,0.008907352863784045,0.012596899224806224,0.9249031007751938,0.9186046511627907,0.9312015503875969,0.009630579523756034,2
sms_spam,knn,weights,precision,1.1471944104887114e-05,0.0033870258494565868,0.004789977892409758,0.9806558585114222,0.9782608695652174,0.9830508474576272,0.0034538373681853004,2
sms_spam,knn,weights,recall,0.005157470703125,0.07181553246425873,0.1015625,0.40234375,0.3515625,0.453125,0.17849297389174984,2
sms_spam,knn,weights,f1,0.005312689217618228,0.07288819669616081,0.10307947630462844,0.5687811174626591,0.5172413793103449,0.6203208556149733,0.12814805987462474,2
sms_spam,knn,weights,auc,8.67327542917035e-05,0.009313042160953825,0.013170630530973337,0.8374758019911505,0.8308904867256638,0.8440611172566371,0.011120371643946598,2
sms_spam,logistic_regression,C,accuracy,0.002774178484866693,0.052670470710510016,0.1027131782945736,0.923611111111111,0.875968992248062,0.9786821705426356,0.05702667505498829,6
sms_spam,logistic_regression,C,precision,0.28231883452284334,0.5313368371596716,0.9885057471264368,0.4849480021893815,0.0,0.9885057471264368,1.0956573380256434,6
sms_spam,logistic_regression,C,recall,0.19380900065104165,0.4402374366759847,0.8671875,0.3971354166666667,0.0,0.8671875,1.1085322995644467,6
sms_spam,logistic_regression,C,f1,0.2285188569380991,0.4780364598418191,0.9098360655737705,0.43497267759562847,0.0,0.9098360655737705,1.0990034189830764,6
sms_spam,logistic_regression,C,auc,0.000274078504970814,0.016555316516781368,0.04365147953539816,0.9716335960545724,0.9391333655973452,0.9827848451327433,0.01703864150437582,6
sms_spam,logistic_regression,penalty,accuracy,4.225256895619268e-06,0.0020555429685655486,0.0029069767441860517,0.9597868217054264,0.9583333333333334,0.9612403100775194,0.0021416661721955035,2
sms_spam,logistic_regression,penalty,precision,0.0011764037521469184,0.03429874271962339,0.04850574712643685,0.9642528735632183,0.94,0.9885057471264368,0.035570277942630055,2
sms_spam,logistic_regression,penalty,recall,0.001953125,0.04419417382415922,0.0625,0.703125,0.671875,0.734375,0.0628539361054709,2
sms_spam,logistic_regression,penalty,f1,0.00030163127116035617,0.017367534976511667,0.024561403508771895,0.812280701754386,0.8,0.8245614035087719,0.021381198567195787,2
sms_spam,logistic_regression,penalty,auc,0.0001072883605957015,0.01035800949003724,0.014648437499999889,0.9754606263827434,0.9681364076327434,0.9827848451327433,0.010618582862178023,2
sms_spam,svm,C,accuracy,0.0029168133210858986,0.054007530225755544,0.10368217054263562,0.9349390919158361,0.875968992248062,0.9796511627906976,0.0577658274135117,7
sms_spam,svm,C,precision,0.23371086130092542,0.4834365121718936,1.0,0.707632777881795,0.0,1.0,0.6831742780754119,7
sms_spam,svm,C,recall,0.19408889043898805,0.4405552070274372,0.84375,0.4810267857142857,0.0,0.84375,0.9158641890872014,7
sms_spam,svm,C,f1,0.22396235400338868,0.47324661013407027,0.9113924050632911,0.525557635352822,0.0,0.9113924050632911,0.900465673600891,7
sms_spam,svm,C,auc,1.2877941055126564e-06,0.0011348101627640882,0.0028864767699113836,0.9841638847187105,0.9826897815265487,0.9855762582964601,0.0011530703172352589,7
sms_spam,svm,kernel,accuracy,0.00034639281994271095,0.0186116313079405,0.03875968992248058,0.965843023255814,0.937984496124031,0.9767441860465116,0.01926983045878565,4
sms_spam,svm,kernel,precision,0.00033871314297259604,0.018404161023328286,0.037480063795853336,0.9673274094326726,0.9473684210526315,0.9848484848484849,0.0190257826294017,4
sms_spam,svm,kernel,recall,0.026911417643229168,0.1640469982755831,0.34375,0.751953125,0.5078125,0.8515625,0.2181612029015547,4
sms_spam,svm,kernel,f1,0.012411933257918353,0.11140885628134935,0.23072335349748663,0.8369029235523477,0.6701030927835051,0.9008264462809917,0.13312040518207222,4
sms_spam,svm,kernel,auc,2.125153686083526e-06,0.0014577906866500162,0.0028778346238936825,0.984359876244469,0.9827243501106194,0.9856021847345131,0.001480952974446481,4
sonar,decision_tree,criterion,accuracy,0.0011337868480725596,0.03367175148507365,0.04761904761904756,0.8571428571428572,0.8333333333333334,0.8809523809523809,0.039283710065919256,2
sonar,decision_tree,criterion,precision,0.008062484252960442,0.08979133729352984,0.12698412698412698,0.8412698412698413,0.7777777777777778,0.9047619047619048,0.10673309904702603,2
sonar,decision_tree,criterion,recall,0.00413223140495868,0.06428243465332252,0.09090909090909094,0.9090909090909092,0.8636363636363636,0.9545454545454546,0.07071067811865477,2
sonar,decision_tree,criterion,f1,0.0003531969845807458,0.018793535712599313,0.02657807308970106,0.8704318936877076,0.8571428571428571,0.8837209302325582,0.02159104675378776,2
sonar,decision_tree,max_depth,accuracy,0.001277002028881729,0.03573516515817059,0.11904761904761907,0.8190476190476191,0.7142857142857143,0.8333333333333334,0.04363014350706874,20
sonar,decision_tree,max_depth,precision,0.0008656176817705645,0.029421381370876597,0.15476190476190477,0.7738174603174605,0.6785714285714286,0.8333333333333334,0.03802108750403022,20
sonar,decision_tree,max_depth,recall,0.0046541974771639886,0.06822167893832567,0.2727272727272728,0.9272727272727271,0.6818181818181818,0.9545454545454546,0.0735723988550571,20
sonar,decision_tree,max_depth,f1,0.0013011281818009414,0.036071154428447966,0.1071428571428571,0.842065349544073,0.75,0.8571428571428571,0.04283652622445312,20
sonar,decision_tree,min_samples_leaf,accuracy,0.0006564029120420097,0.025620361278522394,0.11904761904761907,0.7619047619047619,0.7142857142857143,0.8333333333333334,0.033626724178060646,20
sonar,decision_tree,min_samples_leaf,precision,0.0015498323993391977,0.03936791078199601,0.1607142857142857,0.8139571913294823,0.7142857142857143,0.875,0.04836607035524089,20
sonar,decision_tree,min_samples_leaf,recall,0.0067638103523271,0.08224238780779106,0.31818181818181823,0.7136363636363636,0.6363636363636364,0.9545454545454546,0.11524411030391103,20
sonar,decision_tree,min_samples_leaf,f1,0.001104979156681725,0.03324122676258692,0.13919413919413914,0.7567274921394694,0.717948717948718,0.8571428571428571,0.04392760552230652,20
sonar,decision_tree,min_samples_split,accuracy,0.0013791091485327069,0.03713635884860963,0.11904761904761907,0.7644110275689221,0.7142857142857143,0.8333333333333334,0.04858166288719753,19
sonar,decision_tree,min_samples_split,precision,0.0003023664974477102,0.01738868877885018,0.05777777777777782,0.728972483455242,0.72,0.7777777777777778,0.0238536970509914,19
sonar,decision_tree,min_samples_split,recall,0.008228215166014208,0.09070950978819259,0.2272727272727273,0.8755980861244019,0.7272727272727273,0.9545454545454546,0.10359719970345492,19
sonar,decision_tree,min_samples_split,f1,0.0018346657482033223,0.042832998356446196,0.1298701298701298,0.7936886247932949,0.7272727272727273,0.8571428571428571,0.05396700547094454,19
sonar,knn,k,accuracy,0.0029724111866969018,0.05451982379554158,0.2142857142857143,0.7876190476190476,0.7142857142857143,0.9285714285714286,0.06922105802335993,25
sonar,knn,k,precision,0.005203495198104838,0.07213525627669758,0.3214285714285714,0.7619243651678435,0.6785714285714286,1.0,0.09467508794105434,25
sonar,knn,k,recall,0.0007782369146005504,0.02789689793866964,0.13636363636363635,0.8763636363636365,0.8181818181818182,0.9545454545454546,0.031832559888523446,25
sonar,knn,k,f1,0.0018919531517733953,0.04349658781759088,0.18333333333333335,0.8135916140140464,0.75,0.9333333333333333,0.053462433816138036,25
sonar,knn,metric,accuracy,0.00018896447467876083,0.013746434980705392,0.023809523809523836,0.9206349206349206,0.9047619047619048,0.9285714285714286,0.014931472479042064,3
sonar,knn,metric,precision,0.0004824354127284171,0.02196441241482269,0.03804347826086951,0.9003623188405797,0.875,0.9130434782608695,0.024395081796744718,3
sonar,knn,metric,recall,0.0,0.0,0.0,0.9545454545454546,0.9545454545454546,0.9545454545454546,0.0,3
sonar,knn,metric,f1,0.00013722607295386217,0.01171435328790549,0.020289855072463836,0.9265700483091788,0.9130434782608695,0.9333333333333333,0.012642706624590386,3
sonar,knn,weights,accuracy,0.0,0.0,0.0,0.9285714285714286,0.9285714285714286,0.9285714285714286,0.0,2
sonar,knn,weights,precision,0.0,0.0,0.0,0.9130434782608695,0.9130434782608695,0.9130434782608695,0.0,2
sonar,knn,weights,recall,0.0,0.0,0.0,0.9545454545454546,0.9545454545454546,0.9545454545454546,0.0,2
sonar,knn,weights,f1,0.0,0.0,0.0,0.9333333333333333,0.9333333333333333,0.9333333333333333,0.0,2
sonar,logistic_regression,C,accuracy,0.001079796998164346,0.03286026473058831,0.09523809523809523,0.7789115646258503,0.7380952380952381,0.8333333333333334,0.04218741410826622,7
sonar,logistic_regression,C,precision,0.0024796427394070284,0.049796011280091784,0.15245009074410154,0.7965756014678922,0.6896551724137931,0.8421052631578947,0.06251259916614321,7
sonar,logistic_regression,C,recall,0.006001574183392363,0.07746982756784969,0.18181818181818177,0.7857142857142858,0.7272727272727273,0.9090909090909091,0.09859796235908141,7
sonar,logistic_regression,C,f1,0.001034776115025791,0.032167936132518525,0.08253968253968258,0.7875917255298276,0.7619047619047619,0.8444444444444444,0.04084341555376113,7
sonar,logistic_regression,penalty,accuracy,0.0011337868480725648,0.03367175148507373,0.04761904761904767,0.8095238095238095,0.7857142857142857,0.8333333333333334,0.0415945165403852,2
sonar,logistic_regression,penalty,precision,0.0009451795841209817,0.03074377309506726,0.04347826086956519,0.8043478260869565,0.782608695652174,0.8260869565217391,0.038221988172245785,2
sonar,logistic_regression,penalty,recall,0.0010330578512396675,0.03214121732666122,0.045454545454545414,0.8409090909090909,0.8181818181818182,0.8636363636363636,0.03822198817224577,2
sonar,logistic_regression,penalty,f1,0.0009876543209876524,0.03142696805273541,0.0444444444444444,0.8222222222222222,0.8,0.8444444444444444,0.03822198817224577,2
sonar,svm,C,accuracy,0.042031098153547136,0.20501487300570936,0.40476190476190477,0.7653061224489797,0.5238095238095238,0.9285714285714286,0.2678861007274602,7
sonar,svm,C,precision,0.03374726335354279,0.18370428234949449,0.35619047619047617,0.7331030873888017,0.5238095238095238,0.88,0.25058451602464304,7
sonar,svm,C,recall,0.0,0.0,0.0,1.0,1.0,1.0,0.0,7
sonar,svm,C,f1,0.016229488989247125,0.12739501163407901,0.24867021276595747,0.8344274752105237,0.6875,0.9361702127659575,0.15267355812071937,7
sonar,svm,kernel,accuracy,0.008078231292517007,0.08987898137227084,0.2142857142857143,0.8392857142857143,0.7142857142857143,0.9285714285714286,0.1070898501456844,4
sonar,svm,kernel,precision,0.007518906147271531,0.08671162636735359,0.19166666666666665,0.8240064102564103,0.7083333333333334,0.9,0.10523173762734575,4
sonar,svm,kernel,recall,0.011707988980716254,0.10820346103852803,0.2272727272727273,0.8863636363636365,0.7727272727272727,1.0,0.12207569963321109,4
sonar,svm,kernel,f1,0.00679317834242141,0.08242073975900369,0.19703977798334882,0.8518608761728559,0.7391304347826086,0.9361702127659575,0.09675375646935948,4
thoracic,decision_tree,criterion,accuracy,0.00015089784216085596,0.012284048280630289,0.02127659574468077,0.7304964539007092,0.723404255319149,0.7446808510638298,0.016816027257950204,3
thoracic,decision_tree,criterion,precision,1.3382626565940487e-05,0.0036582272436168433,0.006336235451577021,0.7679545166667227,0.7658424381828637,0.7721786736344407,0.004763598838503144,3
thoracic,decision_tree,criterion,recall,0.00015089784216085596,0.012284048280630289,0.02127659574468077,0.7304964539007092,0.723404255319149,0.7446808510638298,0.016816027257950204,3
thoracic,decision_tree,criterion,f1,7.44354866657448e-05,0.008627600284305295,0.01494344203981246,0.7474026807568735,0.7424215334102694,0.7573649754500819,0.011543443054777872,3
thoracic,decision_tree,criterion,auc,5.208333333333297e-05,0.007216878364870297,0.012499999999999956,0.5470238095238095,0.5428571428571428,0.5553571428571428,0.01319298765286409,3
thoracic,decision_tree,max_depth,accuracy,0.00204026457421659,0.04516928795339362,0.1063829787234043,0.8037825059101655,0.7446808510638298,0.851063829787234,0.05619590824789853,9
thoracic,decision_tree,max_depth,precision,0.0004874049974843285,0.02207725067766203,0.06184341513785585,0.7609702211803171,0.7229466941203385,0.7847901092581944,0.02901197716175897,9
thoracic,decision_tree,max_depth,recall,0.00204026457421659,0.04516928795339362,0.1063829787234043,0.8037825059101655,0.7446808510638298,0.851063829787234,0.05619590824789853,9
thoracic,decision_tree,max_depth,f1,0.00020016938100819268,0.014148122879314863,0.03543240850541152,0.7769065220403136,0.7573649754500819,0.7927973839554934,0.018210843232669784,9
thoracic,decision_tree,max_depth,auc,0.0011886880403202964,0.034477355471675845,0.09732142857142867,0.5495039682539683,0.5044642857142857,0.6017857142857144,0.06274268697499413,9
thoracic,decision_tree,min_samples_leaf,accuracy,0.004696695337256676,0.06853244003577193,0.15957446808510634,0.8031914893617021,0.6914893617021277,0.851063829787234,0.08532515713062995,6
thoracic,decision_tree,min_samples_leaf,precision,0.0016025913879812552,0.0400323792445722,0.09540148027102724,0.767146600646908,0.724309642372114,0.8197111226431413,0.052183479938272936,6
thoracic,decision_tree,min_samples_leaf,recall,0.004696695337256676,0.06853244003577193,0.15957446808510634,0.8031914893617021,0.6914893617021277,0.851063829787234,0.08532515713062995,6
thoracic,decision_tree,min_samples_leaf,f1,0.0012996058107406629,0.03605004591870394,0.10447438510939511,0.7778427056739101,0.7198169001747979,0.824291285284193,0.04634619011753897,6
thoracic,decision_tree,min_samples_leaf,auc,0.0014712013711734692,0.03835624292306885,0.11964285714285716,0.5484374999999999,0.48526785714285714,0.6049107142857143,0.06993730903351586,6
thoracic,decision_tree,min_samples_split,accuracy,0.001165685830692619,0.03414214156570468,0.0851063829787233,0.7712765957446809,0.723404255319149,0.8085106382978723,0.04426705251277572,6
thoracic,decision_tree,min_samples_split,precision,0.0008611956663473724,0.029346135458478556,0.06437442020528472,0.7540791368725229,0.7186761229314421,0.7830505431367268,0.03891651953160921,6
thoracic,decision_tree,min_samples_split,recall,0.001165685830692619,0.03414214156570468,0.0851063829787233,0.7712765957446809,0.723404255319149,0.8085106382978723,0.04426705251277572,6
thoracic,decision_tree,min_samples_split,f1,0.00021196630062072483,0.014559062491133309,0.04259962301065445,0.7614058899735081,0.7371453900709221,0.7797450130815765,0.019121289555088506,6
thoracic,decision_tree,min_samples_split,auc,0.0007255261479591842,0.026935592586003823,0.07633928571428572,0.5607142857142857,0.5147321428571429,0.5910714285714286,0.04803799951643994,6
thoracic,knn,metric,accuracy,0.0,0.0,0.0,0.8404255319148937,0.8404255319148937,0.8404255319148937,0.0,2
thoracic,knn,metric,precision,0.0,0.0,0.0,0.7229466941203385,0.7229466941203385,0.7229466941203385,0.0,2
thoracic,knn,metric,recall,0.0,0.0,0.0,0.8404255319148937,0.8404255319148937,0.8404255319148937,0.0,2
thoracic,knn,metric,f1,0.0,0.0,0.0,0.7772721682449883,0.7772721682449883,0.7772721682449883,0.0,2
thoracic,knn,metric,auc,1.6840720663265186e-05,0.004103744712243342,0.005803571428571408,0.4631696428571429,0.4602678571428572,0.4660714285714286,0.008860133161855504,2
thoracic,knn,n_neighbors,accuracy,0.0006564056133997285,0.025620413997430418,0.08510638297872342,0.8404255319148937,0.7659574468085106,0.851063829787234,0.030485049566562773,11
thoracic,knn,n_neighbors,precision,6.923975189522384e-05,0.008321042716824847,0.02978648195362621,0.7263925952880329,0.7215541165587419,0.7513405985123681,0.011455296723564953,11
thoracic,knn,n_neighbors,recall,0.0006564056133997285,0.025620413997430418,0.08510638297872342,0.8404255319148937,0.7659574468085106,0.851063829787234,0.030485049566562773,11
thoracic,knn,n_neighbors,f1,5.807120747786523e-05,0.007620446671807711,0.024186912423645013,0.7789333840419065,0.7584005172657655,0.7825874296894105,0.009783181499122565,11
thoracic,knn,n_neighbors,auc,0.003766353345315399,0.06137062282000566,0.15803571428571422,0.545698051948052,0.4602678571428572,0.6183035714285714,0.11246260198460058,11
thoracic,knn,weights,accuracy,0.0,0.0,0.0,0.8404255319148937,0.8404255319148937,0.8404255319148937,0.0,2
thoracic,knn,weights,precision,0.0,0.0,0.0,0.7229466941203385,0.7229466941203385,0.7229466941203385,0.0,2
thoracic,knn,weights,recall,0.0,0.0,0.0,0.8404255319148937,0.8404255319148937,0.8404255319148937,0.0,2
thoracic,knn,weights,f1,0.0,0.0,0.0,0.7772721682449883,0.7772721682449883,0.7772721682449883,0.0,2
thoracic,knn,weights,auc,3.22863520408161e-05,0.005682108063106165,0.008035714285714257,0.4642857142857143,0.4602678571428572,0.46830357142857143,0.012238386597459433,2
thoracic,logistic_regression,C,accuracy,3.0179568432171196e-05,0.005493593398875748,0.010638297872340385,0.8439716312056739,0.8404255319148937,0.851063829787234,0.0065092157079116,6
thoracic,logistic_regression,C,precision,4.953674498714522e-07,0.0007038234507825469,0.0013629482517755198,0.7234010102042636,0.7229466941203385,0.724309642372114,0.0009729367817496016,6
thoracic,logistic_regression,C,recall,3.0179568432171196e-05,0.005493593398875748,0.010638297872340385,0.8439716312056739,0.8404255319148937,0.851063829787234,0.0065092157079116,6
thoracic,logistic_regression,C,f1,7.533867792682926e-06,0.0027447892073313982,0.005315261444422181,0.7790439220597958,0.7772721682449883,0.7825874296894105,0.0035232791497482744,6
thoracic,logistic_regression,C,auc,0.0006411564625850341,0.025321067564086513,0.06071428571428572,0.6889880952380952,0.6455357142857143,0.70625,0.03675109590295062,6
thoracic,logistic_regression,penalty,accuracy,0.0,0.0,0.0,0.8404255319148937,0.8404255319148937,0.8404255319148937,0.0,2
thoracic,logistic_regression,penalty,precision,0.0,0.0,0.0,0.7229466941203385,0.7229466941203385,0.7229466941203385,0.0,2
thoracic,logistic_regression,penalty,recall,0.0,0.0,0.0,0.8404255319148937,0.8404255319148937,0.8404255319148937,0.0,2
thoracic,logistic_regression,penalty,f1,0.0,0.0,0.0,0.7772721682449883,0.7772721682449883,0.7772721682449883,0.0,2
thoracic,logistic_regression,penalty,auc,3.985969387755173e-05,0.006313453403451373,0.008928571428571508,0.6973214285714286,0.6928571428571428,0.7017857142857143,0.009053864035679305,2
thoracic,svm,C,accuracy,0.0015736489253917972,0.03966924407386404,0.1063829787234043,0.8267477203647416,0.7446808510638298,0.851063829787234,0.04798228419228408,7
thoracic,svm,C,precision,0.00014907328726633607,0.012209557210084897,0.04094132817537066,0.725453390076375,0.7092198581560284,0.750161186331399,0.01683024350992348,7
thoracic,svm,C,recall,0.0015736489253917972,0.03966924407386404,0.1063829787234043,0.8267477203647416,0.7446808510638298,0.851063829787234,0.04798228419228408,7
thoracic,svm,C,f1,0.00042077667376854474,0.020512841679507614,0.056069526212503384,0.7719335371633781,0.7265179034769071,0.7825874296894105,0.02657332618930652,7
thoracic,svm,C,auc,0.0004918686224489788,0.02217811133638252,0.0714285714285714,0.5017857142857143,0.475,0.5464285714285714,0.04419837134652744,7
thoracic,svm,kernel,accuracy,2.8293345405160492e-05,0.005319148936170193,0.010638297872340385,0.8537234042553192,0.851063829787234,0.8617021276595744,0.006230529595015552,4
thoracic,svm,kernel,precision,0.0056645799127477935,0.0752634035421452,0.15672444593719725,0.7837315671301748,0.724309642372114,0.8810340883093113,0.09603211954029184,4
thoracic,svm,kernel,recall,2.8293345405160492e-05,0.005319148936170193,0.010638297872340385,0.8537234042553192,0.851063829787234,0.8617021276595744,0.006230529595015552,4
thoracic,svm,kernel,f1,0.0001555958381425265,0.012473806080845033,0.024381782789579143,0.7931380714033442,0.7825874296894105,0.8069692124789897,0.015727155876875787,4
thoracic,svm,kernel,auc,0.008323235544217681,0.09123176828395732,0.17053571428571423,0.5883928571428572,0.4982142857142857,0.66875,0.15505247417000334,4
